row_family,workload_family,case_id,case_label,run_tag,stop_at,memory_kind,memory_model_family,memory_graph_type,status,route_memory_joint_available,route_memory_joint_summary_path,route_semantic_overlay_applied,route_semantic_overlay_run_tag,route_semantic_overlay_source,steps_started,steps_completed,memory_requests_total,memory_requests_per_completed_step,stall_on_step_gate_cycles_total,stall_on_step_gate_cycles_per_completed_step,synapse_gather_demands,stream_region_demands,writeback_region_demands,metadata_lookup_demands,metadata_lookup_issued,synapse_gather_issued,stream_region_issued,writeback_region_issued,router_bundle_v3_rx_total,tx_bundle_v3_packets_total,tx_spikekey_v4_packets_total,gas_scatter_spikes_emitted_total,total_service_deficit,vertical_hops_ratio,remote_home_ratio,direct_v4_share,tile_bundle_v3_share,vertical_link_pressure,reliability_penalty,most_pressured_region,metadata_lookup_backlog,synapse_gather_backlog,stream_region_backlog,writeback_region_backlog,stream_region_issue_efficiency,writeback_region_issue_efficiency,dominant_home_access_class,dominant_home_stack_id,attributed_service_deficit_total,unattributed_service_deficit,tier_local_home_total_demands,same_xy_cross_tier_total_demands,remote_home_total_demands,tier_local_home_dominant_stack_id,same_xy_cross_tier_dominant_stack_id,remote_home_dominant_stack_id,tier_local_home_service_deficit_attribution,same_xy_cross_tier_service_deficit_attribution,remote_home_service_deficit_attribution,tier_local_home_access_ratio,same_xy_cross_tier_access_ratio,remote_home_access_ratio,active_stack_utilization,most_pressured_stack_id,most_pressured_stack_service_deficit,most_pressured_controller_count,most_pressured_controller_service_deficit_proxy,real_controller_pressure_available,controller_runtime_source,active_controller_count,most_pressured_runtime_stack_id,most_pressured_runtime_controller_id,max_controller_outstanding_requests_accum,max_controller_cycles_attempted_issue_but_rejected,controller_runtime_total_requests_received,controller_runtime_total_cycles_attempted_issue_but_rejected,stack_memory_request_skew,stack_service_deficit_skew,real_synapse_source_count,semantic_addressing_enabled,traffic_runtime_enabled,home_access_pressure_enabled,home_stack_controller_proxy_available,real_controller_pressure_available_from_summary,processing_runtime_mode,dominant_pressure_region,real_home_traffic_signal_level,real_home_traffic_signal_rank,real_home_traffic_ready,runtime_alignment_evaluable,dominant_home_controller_ids,dominant_home_controller_count,tier_local_home_dominant_controller_ids,tier_local_home_dominant_controller_count,tier_local_home_dominant_stack_demand_share,same_xy_cross_tier_dominant_controller_ids,same_xy_cross_tier_dominant_controller_count,same_xy_cross_tier_dominant_stack_demand_share,remote_home_dominant_controller_ids,remote_home_dominant_controller_count,remote_home_dominant_stack_demand_share,home_stack_dataflow_available,dominant_dataflow_initiator_kind,dominant_dataflow_region,pe_nic_home_stack_demands_total,pe_nic_home_stack_service_deficit_total,pe_nic_home_stack_dominant_region,synapse_home_stack_demands_total,synapse_home_stack_service_deficit_total,synapse_home_stack_dominant_region,dataflow_controller_alignment_kind,dataflow_runtime_home_access_class,pe_nic_dominant_stack_id,pe_nic_dominant_stack_demand_share,pe_nic_dominant_stack_service_deficit_proxy,pe_nic_dominant_controller_ids,pe_nic_dominant_controller_count,pe_nic_runtime_hotspot_stack_overlap,synapse_dominant_stack_id,synapse_dominant_stack_demand_share,synapse_dominant_stack_service_deficit_proxy,synapse_dominant_controller_ids,synapse_dominant_controller_count,synapse_runtime_hotspot_stack_overlap,pe_nic_controller_pressure_available,pe_nic_dominant_controller_requests_received_total,pe_nic_dominant_controller_outstanding_requests_accum,pe_nic_dominant_controller_cycles_attempted_issue_but_rejected,pe_nic_dominant_controller_max_issue_reject_ratio,synapse_controller_pressure_available,synapse_dominant_controller_requests_received_total,synapse_dominant_controller_outstanding_requests_accum,synapse_dominant_controller_cycles_attempted_issue_but_rejected,synapse_dominant_controller_max_issue_reject_ratio,pe_nic_real_home_path_available,pe_nic_real_home_path_signature,pe_nic_real_home_path_demand_total,pe_nic_real_home_path_issued_total,pe_nic_real_home_path_service_deficit_total,pe_nic_real_home_path_issue_efficiency,pe_nic_real_home_path_dominant_stage,synapse_real_home_path_available,synapse_real_home_path_signature,synapse_real_home_path_demand_total,synapse_real_home_path_issued_total,synapse_real_home_path_service_deficit_total,synapse_real_home_path_issue_efficiency,synapse_real_home_path_dominant_stage,dominant_home_runtime_controller_overlap,dominant_home_runtime_overlap_controller_id,same_stack_overlap,same_stack_overlap_stack_id,same_controller_overlap,same_controller_overlap_controller_id,runtime_controller_home_access_class,same_class_overlap,same_class_overlap_class,home_region_joint_attribution,tier_local_home_runtime_controller_overlap,tier_local_home_runtime_overlap_controller_id,same_xy_cross_tier_runtime_controller_overlap,same_xy_cross_tier_runtime_overlap_controller_id,remote_home_runtime_controller_overlap,remote_home_runtime_overlap_controller_id,runtime_pressure_transfer_kind,compare_kind,base_case_id,compare_case_id,memory_requests_total_delta,total_service_deficit_delta,direct_v4_share_delta,tile_bundle_v3_share_delta,attributed_service_deficit_total_delta,router_bundle_v3_rx_total_delta,tx_bundle_v3_packets_total_delta,tx_spikekey_v4_packets_total_delta,gas_scatter_spikes_emitted_total_delta,metadata_lookup_demands_delta,metadata_lookup_backlog_delta,synapse_gather_backlog_delta,stream_region_backlog_delta,writeback_region_backlog_delta,tier_local_home_total_demands_delta,same_xy_cross_tier_total_demands_delta,remote_home_total_demands_delta,tier_local_home_service_deficit_attribution_delta,same_xy_cross_tier_service_deficit_attribution_delta,remote_home_service_deficit_attribution_delta,most_pressured_controller_service_deficit_proxy_delta,active_stack_utilization_delta,most_pressured_stack_service_deficit_delta,stack_memory_request_skew_delta,stack_service_deficit_skew_delta,base_memory_requests_total,compare_memory_requests_total,base_total_service_deficit,compare_total_service_deficit,base_remote_home_total_demands,compare_remote_home_total_demands,base_same_xy_cross_tier_total_demands,compare_same_xy_cross_tier_total_demands,base_active_stack_utilization,compare_active_stack_utilization,base_most_pressured_stack_service_deficit,compare_most_pressured_stack_service_deficit,base_dominant_home_stack_id,compare_dominant_home_stack_id,base_most_pressured_controller_count,compare_most_pressured_controller_count,base_most_pressured_controller_service_deficit_proxy,compare_most_pressured_controller_service_deficit_proxy,base_most_pressured_region,compare_most_pressured_region,base_dominant_home_access_class,compare_dominant_home_access_class,compare_source_run_tag,compare_source_path,base_dominant_home_controller_ids,compare_dominant_home_controller_ids,base_most_pressured_runtime_controller_id,compare_most_pressured_runtime_controller_id,base_dominant_home_runtime_controller_overlap,compare_dominant_home_runtime_controller_overlap,base_dominant_home_runtime_overlap_controller_id,compare_dominant_home_runtime_overlap_controller_id,dominant_home_runtime_controller_overlap_delta,base_same_stack_overlap,compare_same_stack_overlap,base_same_stack_overlap_stack_id,compare_same_stack_overlap_stack_id,same_stack_overlap_delta,base_same_controller_overlap,compare_same_controller_overlap,base_same_controller_overlap_controller_id,compare_same_controller_overlap_controller_id,same_controller_overlap_delta,base_same_class_overlap,compare_same_class_overlap,base_same_class_overlap_class,compare_same_class_overlap_class,same_class_overlap_delta,base_runtime_controller_home_access_class,compare_runtime_controller_home_access_class,base_home_region_joint_attribution,compare_home_region_joint_attribution,base_real_home_traffic_signal_level,compare_real_home_traffic_signal_level,base_real_home_traffic_signal_rank,compare_real_home_traffic_signal_rank,real_home_traffic_signal_rank_delta,base_runtime_alignment_evaluable,compare_runtime_alignment_evaluable,base_runtime_pressure_transfer_kind,compare_runtime_pressure_transfer_kind,base_home_stack_dataflow_available,compare_home_stack_dataflow_available,base_dominant_dataflow_initiator_kind,compare_dominant_dataflow_initiator_kind,dominant_dataflow_initiator_kind_changed,base_dominant_dataflow_region,compare_dominant_dataflow_region,dominant_dataflow_region_changed,base_dataflow_controller_alignment_kind,compare_dataflow_controller_alignment_kind,dataflow_controller_alignment_changed,base_dataflow_runtime_home_access_class,compare_dataflow_runtime_home_access_class,dataflow_runtime_home_access_class_changed,base_dataflow_controller_alignment_rank,compare_dataflow_controller_alignment_rank,dataflow_controller_alignment_rank_delta,dataflow_controller_alignment_transition,base_pe_nic_home_stack_demands_total,compare_pe_nic_home_stack_demands_total,pe_nic_home_stack_demands_delta,pe_nic_home_stack_demands_amplification_ratio,pe_nic_home_stack_demands_delta_ratio,base_pe_nic_home_stack_service_deficit_total,compare_pe_nic_home_stack_service_deficit_total,pe_nic_home_stack_service_deficit_delta,pe_nic_home_stack_service_deficit_amplification_ratio,pe_nic_home_stack_service_deficit_delta_ratio,base_synapse_home_stack_demands_total,compare_synapse_home_stack_demands_total,synapse_home_stack_demands_delta,synapse_home_stack_demands_amplification_ratio,synapse_home_stack_demands_delta_ratio,base_synapse_home_stack_service_deficit_total,compare_synapse_home_stack_service_deficit_total,synapse_home_stack_service_deficit_delta,synapse_home_stack_service_deficit_amplification_ratio,synapse_home_stack_service_deficit_delta_ratio,base_pe_nic_dominant_stack_id,compare_pe_nic_dominant_stack_id,pe_nic_dominant_stack_changed,base_pe_nic_dominant_controller_ids,compare_pe_nic_dominant_controller_ids,pe_nic_dominant_controller_ids_changed,base_pe_nic_runtime_hotspot_stack_overlap,compare_pe_nic_runtime_hotspot_stack_overlap,pe_nic_runtime_hotspot_stack_overlap_delta,base_pe_nic_dominant_stack_demand_share,compare_pe_nic_dominant_stack_demand_share,pe_nic_dominant_stack_demand_share_delta,base_pe_nic_dominant_stack_service_deficit_proxy,compare_pe_nic_dominant_stack_service_deficit_proxy,pe_nic_dominant_stack_service_deficit_proxy_delta,base_pe_nic_controller_pressure_available,compare_pe_nic_controller_pressure_available,pe_nic_controller_pressure_available_delta,base_pe_nic_dominant_controller_requests_received_total,compare_pe_nic_dominant_controller_requests_received_total,pe_nic_dominant_controller_requests_received_total_delta,base_pe_nic_dominant_controller_outstanding_requests_accum,compare_pe_nic_dominant_controller_outstanding_requests_accum,pe_nic_dominant_controller_outstanding_requests_accum_delta,base_pe_nic_dominant_controller_cycles_attempted_issue_but_rejected,compare_pe_nic_dominant_controller_cycles_attempted_issue_but_rejected,pe_nic_dominant_controller_cycles_attempted_issue_but_rejected_delta,base_pe_nic_dominant_controller_max_issue_reject_ratio,compare_pe_nic_dominant_controller_max_issue_reject_ratio,pe_nic_dominant_controller_max_issue_reject_ratio_delta,base_pe_nic_real_home_path_available,compare_pe_nic_real_home_path_available,pe_nic_real_home_path_available_delta,base_pe_nic_real_home_path_signature,compare_pe_nic_real_home_path_signature,pe_nic_real_home_path_signature_changed,base_pe_nic_real_home_path_dominant_stage,compare_pe_nic_real_home_path_dominant_stage,pe_nic_real_home_path_dominant_stage_changed,base_pe_nic_real_home_path_demand_total,compare_pe_nic_real_home_path_demand_total,pe_nic_real_home_path_demand_total_delta,base_pe_nic_real_home_path_issued_total,compare_pe_nic_real_home_path_issued_total,pe_nic_real_home_path_issued_total_delta,base_pe_nic_real_home_path_service_deficit_total,compare_pe_nic_real_home_path_service_deficit_total,pe_nic_real_home_path_service_deficit_total_delta,base_pe_nic_real_home_path_issue_efficiency,compare_pe_nic_real_home_path_issue_efficiency,pe_nic_real_home_path_issue_efficiency_delta,base_synapse_dominant_stack_id,compare_synapse_dominant_stack_id,synapse_dominant_stack_changed,base_synapse_dominant_controller_ids,compare_synapse_dominant_controller_ids,synapse_dominant_controller_ids_changed,base_synapse_runtime_hotspot_stack_overlap,compare_synapse_runtime_hotspot_stack_overlap,synapse_runtime_hotspot_stack_overlap_delta,base_synapse_dominant_stack_demand_share,compare_synapse_dominant_stack_demand_share,synapse_dominant_stack_demand_share_delta,base_synapse_dominant_stack_service_deficit_proxy,compare_synapse_dominant_stack_service_deficit_proxy,synapse_dominant_stack_service_deficit_proxy_delta,base_synapse_controller_pressure_available,compare_synapse_controller_pressure_available,synapse_controller_pressure_available_delta,base_synapse_dominant_controller_requests_received_total,compare_synapse_dominant_controller_requests_received_total,synapse_dominant_controller_requests_received_total_delta,base_synapse_dominant_controller_outstanding_requests_accum,compare_synapse_dominant_controller_outstanding_requests_accum,synapse_dominant_controller_outstanding_requests_accum_delta,base_synapse_dominant_controller_cycles_attempted_issue_but_rejected,compare_synapse_dominant_controller_cycles_attempted_issue_but_rejected,synapse_dominant_controller_cycles_attempted_issue_but_rejected_delta,base_synapse_dominant_controller_max_issue_reject_ratio,compare_synapse_dominant_controller_max_issue_reject_ratio,synapse_dominant_controller_max_issue_reject_ratio_delta,base_synapse_real_home_path_available,compare_synapse_real_home_path_available,synapse_real_home_path_available_delta,base_synapse_real_home_path_signature,compare_synapse_real_home_path_signature,synapse_real_home_path_signature_changed,base_synapse_real_home_path_dominant_stage,compare_synapse_real_home_path_dominant_stage,synapse_real_home_path_dominant_stage_changed,base_synapse_real_home_path_demand_total,compare_synapse_real_home_path_demand_total,synapse_real_home_path_demand_total_delta,base_synapse_real_home_path_issued_total,compare_synapse_real_home_path_issued_total,synapse_real_home_path_issued_total_delta,base_synapse_real_home_path_service_deficit_total,compare_synapse_real_home_path_service_deficit_total,synapse_real_home_path_service_deficit_total_delta,base_synapse_real_home_path_issue_efficiency,compare_synapse_real_home_path_issue_efficiency,synapse_real_home_path_issue_efficiency_delta,vertical_hops_ratio_delta,remote_home_ratio_delta,tier_local_home_access_ratio_delta,same_xy_cross_tier_access_ratio_delta,remote_home_access_ratio_delta,vertical_link_pressure_delta,reliability_penalty_delta,base_vertical_hops_ratio,compare_vertical_hops_ratio,base_remote_home_ratio,compare_remote_home_ratio,base_remote_home_access_ratio,compare_remote_home_access_ratio,base_tier_local_home_total_demands,compare_tier_local_home_total_demands,base_vertical_link_pressure,compare_vertical_link_pressure,base_reliability_penalty,compare_reliability_penalty,metric_group,metric_key,base_value,compare_value,delta,amplification_ratio,delta_ratio,step_budget,spike_budget_label,spike_budget_override,test_max_spikes,global_step_ctrl_max_steps,compare_surface,base_test_max_spikes,compare_test_max_spikes,memory_requests_total_amplification_ratio,memory_requests_total_delta_ratio,memory_requests_per_completed_step_delta,memory_requests_per_completed_step_amplification_ratio,memory_requests_per_completed_step_delta_ratio,stall_on_step_gate_cycles_total_delta,stall_on_step_gate_cycles_total_amplification_ratio,stall_on_step_gate_cycles_total_delta_ratio,stall_on_step_gate_cycles_per_completed_step_delta,stall_on_step_gate_cycles_per_completed_step_amplification_ratio,stall_on_step_gate_cycles_per_completed_step_delta_ratio,synapse_gather_demands_delta,synapse_gather_demands_amplification_ratio,synapse_gather_demands_delta_ratio,stream_region_demands_delta,stream_region_demands_amplification_ratio,stream_region_demands_delta_ratio,writeback_region_demands_delta,writeback_region_demands_amplification_ratio,writeback_region_demands_delta_ratio,router_bundle_v3_rx_total_amplification_ratio,router_bundle_v3_rx_total_delta_ratio,tx_bundle_v3_packets_total_amplification_ratio,tx_bundle_v3_packets_total_delta_ratio,tx_spikekey_v4_packets_total_amplification_ratio,tx_spikekey_v4_packets_total_delta_ratio,gas_scatter_spikes_emitted_total_amplification_ratio,gas_scatter_spikes_emitted_total_delta_ratio
traffic_mem_baseline,traffic_mem,baseline_2d,Baseline 2D,matrix23_phase2_mainline_traffic,,legacy_per_pe,legacy_per_pe,legacy_per_pe,composed,True,,False,,,0,0,0,0.0,0,0.0,0,0,0,0,0,0,0,0,0,0,0,0,0,0.0,0.0,0.0,0.0,0.0,0.0,metadata_lookup,0,0,0,0,0.0,0.0,,-1,0.0,0.0,0,0,0,-1,-1,-1,0.0,0.0,0.0,0.0,0.0,0.0,0.0,-1,0,0,0.0,False,stack_proxy,0,-1,-1,0,0,0,0,0.0,0.0,0,False,False,False,True,False,generic_processing,metadata_lookup,synthetic_or_unknown,0,False,False,,0,,0,0.0,,0,0.0,,0,0.0,False,pe_nic_to_home_stack,metadata_lookup,0,0,metadata_lookup,0,0,synapse_gather,unevaluable,,-1,0.0,0.0,,0,False,-1,0.0,0.0,,0,False,False,0,0,0,0.0,False,0,0,0,0.0,False,,0,0,0,0.0,metadata_lookup,False,,0,0,0,0.0,synapse_gather,False,-1,False,-1,False,-1,,False,,:metadata_lookup,False,-1,False,-1,False,-1,unevaluable,,,,,,,,,,,,,,,,,,,,,,,,,,,,,,,,,,,,,,,,,,,,,,,,,,,,,,,,,,,,,,,,,,,,,,,,,,,,,,,,,,,,,,,,,,,,,,,,,,,,,,,,,,,,,,,,,,,,,,,,,,,,,,,,,,,,,,,,,,,,,,,,,,,,,,,,,,,,,,,,,,,,,,,,,,,,,,,,,,,,,,,,,,,,,,,,,,,,,,,,,,,,,,,,,,,,,,,,,,,,,,,,,,,,,,,,,,,,,,,,,,,,,,,,,,,,,,,,,,,,,,,,,,,,,,,,,,,,,,,,,,,,,,,,,,,
traffic_mem_baseline,traffic_mem,memory_only_3d,Memory-Only 3D,matrix23_phase2_mainline_traffic,,hbm_like,hbm_like,memHierarchy_shared_stack,composed,True,,False,,,0,0,0,0.0,0,0.0,0,0,0,0,0,0,0,0,0,0,0,0,0,0.0,0.0,0.0,0.0,0.0,0.0,metadata_lookup,0,0,0,0,0.0,0.0,,-1,0.0,0.0,0,0,0,0,0,0,0.0,0.0,0.0,0.25,0.25,0.5,0.0,-1,0,0,0.0,False,stack_proxy,0,-1,-1,0,0,0,0,0.0,0.0,0,True,False,False,True,False,generic_processing,metadata_lookup,synthetic_or_unknown,0,False,False,,0,"0,1,2,3",4,0.25,"0,1,2,3",4,0.25,"0,1,2,3",4,0.25,False,pe_nic_to_home_stack,metadata_lookup,0,0,metadata_lookup,0,0,synapse_gather,unevaluable,,-1,0.0,0.0,,0,False,-1,0.0,0.0,,0,False,False,0,0,0,0.0,False,0,0,0,0.0,False,,0,0,0,0.0,metadata_lookup,False,,0,0,0,0.0,synapse_gather,False,-1,False,-1,False,-1,,False,,:metadata_lookup,False,-1,False,-1,False,-1,unevaluable,,,,,,,,,,,,,,,,,,,,,,,,,,,,,,,,,,,,,,,,,,,,,,,,,,,,,,,,,,,,,,,,,,,,,,,,,,,,,,,,,,,,,,,,,,,,,,,,,,,,,,,,,,,,,,,,,,,,,,,,,,,,,,,,,,,,,,,,,,,,,,,,,,,,,,,,,,,,,,,,,,,,,,,,,,,,,,,,,,,,,,,,,,,,,,,,,,,,,,,,,,,,,,,,,,,,,,,,,,,,,,,,,,,,,,,,,,,,,,,,,,,,,,,,,,,,,,,,,,,,,,,,,,,,,,,,,,,,,,,,,,,,,,,,,,,
traffic_mem_baseline,traffic_mem,noc_only_3d,NoC-Only 3D,matrix23_phase2_mainline_traffic,,legacy_per_pe,legacy_per_pe,legacy_per_pe,composed,True,,False,,,0,0,0,0.0,0,0.0,0,0,0,0,0,0,0,0,0,0,0,0,0,0.0,0.0,0.0,0.0,0.0,0.0,metadata_lookup,0,0,0,0,0.0,0.0,,-1,0.0,0.0,0,0,0,-1,-1,-1,0.0,0.0,0.0,0.0,0.0,0.0,0.0,-1,0,0,0.0,False,stack_proxy,0,-1,-1,0,0,0,0,0.0,0.0,0,False,False,False,True,False,generic_processing,metadata_lookup,synthetic_or_unknown,0,False,False,,0,,0,0.0,,0,0.0,,0,0.0,False,pe_nic_to_home_stack,metadata_lookup,0,0,metadata_lookup,0,0,synapse_gather,unevaluable,,-1,0.0,0.0,,0,False,-1,0.0,0.0,,0,False,False,0,0,0,0.0,False,0,0,0,0.0,False,,0,0,0,0.0,metadata_lookup,False,,0,0,0,0.0,synapse_gather,False,-1,False,-1,False,-1,,False,,:metadata_lookup,False,-1,False,-1,False,-1,unevaluable,,,,,,,,,,,,,,,,,,,,,,,,,,,,,,,,,,,,,,,,,,,,,,,,,,,,,,,,,,,,,,,,,,,,,,,,,,,,,,,,,,,,,,,,,,,,,,,,,,,,,,,,,,,,,,,,,,,,,,,,,,,,,,,,,,,,,,,,,,,,,,,,,,,,,,,,,,,,,,,,,,,,,,,,,,,,,,,,,,,,,,,,,,,,,,,,,,,,,,,,,,,,,,,,,,,,,,,,,,,,,,,,,,,,,,,,,,,,,,,,,,,,,,,,,,,,,,,,,,,,,,,,,,,,,,,,,,,,,,,,,,,,,,,,,,,
traffic_mem_baseline,traffic_mem,full_3d,Full 3D,matrix23_phase2_mainline_traffic,,hbm_like,hbm_like,memHierarchy_shared_stack,composed,True,,False,,,0,0,0,0.0,0,0.0,0,0,0,0,0,0,0,0,0,0,0,0,0,0.0,0.0,0.0,0.0,0.0,0.0,metadata_lookup,0,0,0,0,0.0,0.0,,-1,0.0,0.0,0,0,0,0,0,0,0.0,0.0,0.0,0.25,0.25,0.5,0.0,-1,0,0,0.0,False,stack_proxy,0,-1,-1,0,0,0,0,0.0,0.0,0,True,False,False,True,False,generic_processing,metadata_lookup,synthetic_or_unknown,0,False,False,,0,"0,1,2,3",4,0.25,"0,1,2,3",4,0.25,"0,1,2,3",4,0.25,False,pe_nic_to_home_stack,metadata_lookup,0,0,metadata_lookup,0,0,synapse_gather,unevaluable,,-1,0.0,0.0,,0,False,-1,0.0,0.0,,0,False,False,0,0,0,0.0,False,0,0,0,0.0,False,,0,0,0,0.0,metadata_lookup,False,,0,0,0,0.0,synapse_gather,False,-1,False,-1,False,-1,,False,,:metadata_lookup,False,-1,False,-1,False,-1,unevaluable,,,,,,,,,,,,,,,,,,,,,,,,,,,,,,,,,,,,,,,,,,,,,,,,,,,,,,,,,,,,,,,,,,,,,,,,,,,,,,,,,,,,,,,,,,,,,,,,,,,,,,,,,,,,,,,,,,,,,,,,,,,,,,,,,,,,,,,,,,,,,,,,,,,,,,,,,,,,,,,,,,,,,,,,,,,,,,,,,,,,,,,,,,,,,,,,,,,,,,,,,,,,,,,,,,,,,,,,,,,,,,,,,,,,,,,,,,,,,,,,,,,,,,,,,,,,,,,,,,,,,,,,,,,,,,,,,,,,,,,,,,,,,,,,,,,
traffic_mem_baseline,traffic_mem,full_3d_monolithic_proxy,Full 3D + Monolithic Proxy,matrix23_phase2_mainline_traffic,,monolithic_like,monolithic_like,memHierarchy_tier_local_stack,composed,True,,False,,,0,0,0,0.0,0,0.0,0,0,0,0,0,0,0,0,0,0,0,0,0,0.0,0.0,0.0,0.0,0.0,0.0,metadata_lookup,0,0,0,0,0.0,0.0,,-1,0.0,0.0,0,0,0,0,4,3,0.0,0.0,0.0,0.25,0.25,0.5,0.0,-1,0,0,0.0,False,stack_proxy,0,-1,-1,0,0,0,0,0.0,0.0,0,True,False,False,True,False,generic_processing,metadata_lookup,synthetic_or_unknown,0,False,False,,0,"0,1",2,0.25,"8,9",2,0.25,"6,7",2,0.25,False,pe_nic_to_home_stack,metadata_lookup,0,0,metadata_lookup,0,0,synapse_gather,unevaluable,,-1,0.0,0.0,,0,False,-1,0.0,0.0,,0,False,False,0,0,0,0.0,False,0,0,0,0.0,False,,0,0,0,0.0,metadata_lookup,False,,0,0,0,0.0,synapse_gather,False,-1,False,-1,False,-1,,False,,:metadata_lookup,False,-1,False,-1,False,-1,unevaluable,,,,,,,,,,,,,,,,,,,,,,,,,,,,,,,,,,,,,,,,,,,,,,,,,,,,,,,,,,,,,,,,,,,,,,,,,,,,,,,,,,,,,,,,,,,,,,,,,,,,,,,,,,,,,,,,,,,,,,,,,,,,,,,,,,,,,,,,,,,,,,,,,,,,,,,,,,,,,,,,,,,,,,,,,,,,,,,,,,,,,,,,,,,,,,,,,,,,,,,,,,,,,,,,,,,,,,,,,,,,,,,,,,,,,,,,,,,,,,,,,,,,,,,,,,,,,,,,,,,,,,,,,,,,,,,,,,,,,,,,,,,,,,,,,,,
traffic_mem_baseline,traffic_mem,full_3d_tile_bundle_v3,Full 3D + Tile Bundle v3,matrix23_phase2_mainline_traffic,,hbm_like,hbm_like,memHierarchy_shared_stack,composed,True,,False,,,0,0,0,0.0,0,0.0,0,0,0,0,0,0,0,0,0,0,0,0,0,0.0,0.0,0.0,0.0,0.0,0.0,metadata_lookup,0,0,0,0,0.0,0.0,,-1,0.0,0.0,0,0,0,0,3,3,0.0,0.0,0.0,0.25,0.65625,0.09375,0.0,-1,0,0,0.0,False,stack_proxy,0,-1,-1,0,0,0,0,0.0,0.0,0,True,False,False,True,False,generic_processing,metadata_lookup,synthetic_or_unknown,0,False,False,,0,"0,1,2,3",4,0.25,"12,13,14,15",4,0.2857142857142857,"12,13,14,15",4,0.6666666666666666,False,pe_nic_to_home_stack,metadata_lookup,0,0,metadata_lookup,0,0,synapse_gather,unevaluable,,-1,0.0,0.0,,0,False,-1,0.0,0.0,,0,False,False,0,0,0,0.0,False,0,0,0,0.0,False,,0,0,0,0.0,metadata_lookup,False,,0,0,0,0.0,synapse_gather,False,-1,False,-1,False,-1,,False,,:metadata_lookup,False,-1,False,-1,False,-1,unevaluable,,,,,,,,,,,,,,,,,,,,,,,,,,,,,,,,,,,,,,,,,,,,,,,,,,,,,,,,,,,,,,,,,,,,,,,,,,,,,,,,,,,,,,,,,,,,,,,,,,,,,,,,,,,,,,,,,,,,,,,,,,,,,,,,,,,,,,,,,,,,,,,,,,,,,,,,,,,,,,,,,,,,,,,,,,,,,,,,,,,,,,,,,,,,,,,,,,,,,,,,,,,,,,,,,,,,,,,,,,,,,,,,,,,,,,,,,,,,,,,,,,,,,,,,,,,,,,,,,,,,,,,,,,,,,,,,,,,,,,,,,,,,,,,,,,,
traffic_mem_compare,,,,,,,,,,,,,,,,,,,,,,,,,,,,,,,,,,,,,,,,,,,,,,,,,,,,,,,,,,,,,,,,,,,,,,,,,,,,,,,,,,,,,,,,,,,,,,,,,,,,,,,,,,,,,,,,,,,,,,,,,,,,,,,,,,,,,,,,,,,,,,,,,,,,,,,,,,,,,,,,,,,,,,traffic_mem_bundle_vs_direct,full_3d,full_3d_tile_bundle_v3,0,0,0.0,0.0,0.0,0,0,0,0,0,0,0,0,0,0,0,0,0.0,0.0,0.0,0.0,0.0,0,0.0,0.0,0,0,0,0,0,0,0,0,0.0,0.0,0,0,-1,-1,0,0,0.0,0.0,metadata_lookup,metadata_lookup,,,matrix23_phase2_mainline_traffic,/home/xgy/remote/snn3dexp/analysis/codesign_matrix/matrix23_phase2_mainline_smoke/traffic_baseline_ablation.json,,,-1,-1,False,False,-1,-1,0,False,False,-1,-1,0,False,False,-1,-1,0,False,False,,,0,,,:metadata_lookup,:metadata_lookup,synthetic_or_unknown,synthetic_or_unknown,0,0,0,False,False,unevaluable,unevaluable,False,False,pe_nic_to_home_stack,pe_nic_to_home_stack,False,metadata_lookup,metadata_lookup,False,unevaluable,unevaluable,False,,,False,-2,-2,0,stable,0,0,0,,,0,0,0,,,0,0,0,,,0,0,0,,,-1,-1,False,,,False,False,False,0,0.0,0.0,0.0,0.0,0.0,0.0,False,False,0,0,0,0,0,0,0,0,0,0,0.0,0.0,0.0,False,False,0,,,False,metadata_lookup,metadata_lookup,False,0,0,0,0,0,0,0,0,0,0.0,0.0,0.0,-1,-1,False,,,False,False,False,0,0.0,0.0,0.0,0.0,0.0,0.0,False,False,0,0,0,0,0,0,0,0,0,0,0.0,0.0,0.0,False,False,0,,,False,synapse_gather,synapse_gather,False,0,0,0,0,0,0,0,0,0,0.0,0.0,0.0,,,,,,,,,,,,,,,,,,,,,,,,,,,,,,,,,,,,,,,,,,,,,,,,,,,,,,,,,,,,,,
traffic_mem_compare,,,,,,,,,,,,,,,,,,,,,,,,,,,,,,,,,,,,,,,,,,,,,,,,,,,,,,,,,,,,,,,,,,,,,,,,,,,,,,,,,,,,,,,,,,,,,,,,,,,,,,,,,,,,,,,,,,,,,,,,,,,,,,,,,,,,,,,,,,,,,,,,,,,,,,,,,,,,,,,,,,,,,,traffic_mem_monolithic_vs_hbm,full_3d,full_3d_monolithic_proxy,0,0,,,0.0,,,,,,,,,,0,0,0,0.0,0.0,0.0,0.0,0.0,0,0.0,0.0,0,0,0,0,0,0,,,0.0,0.0,0,0,-1,-1,0,0,0.0,0.0,,,,,matrix23_phase2_mainline_traffic,/home/xgy/remote/snn3dexp/analysis/codesign_matrix/matrix23_phase2_mainline_smoke/traffic_baseline_ablation.json,,,-1,-1,False,False,-1,-1,0,False,False,-1,-1,0,False,False,-1,-1,0,False,False,,,0,,,:metadata_lookup,:metadata_lookup,synthetic_or_unknown,synthetic_or_unknown,0,0,0,False,False,unevaluable,unevaluable,False,False,pe_nic_to_home_stack,pe_nic_to_home_stack,False,metadata_lookup,metadata_lookup,False,unevaluable,unevaluable,False,,,False,-2,-2,0,stable,0,0,0,,,0,0,0,,,0,0,0,,,0,0,0,,,-1,-1,False,,,False,False,False,0,0.0,0.0,0.0,0.0,0.0,0.0,False,False,0,0,0,0,0,0,0,0,0,0,0.0,0.0,0.0,False,False,0,,,False,metadata_lookup,metadata_lookup,False,0,0,0,0,0,0,0,0,0,0.0,0.0,0.0,-1,-1,False,,,False,False,False,0,0.0,0.0,0.0,0.0,0.0,0.0,False,False,0,0,0,0,0,0,0,0,0,0,0.0,0.0,0.0,False,False,0,,,False,synapse_gather,synapse_gather,False,0,0,0,0,0,0,0,0,0,0.0,0.0,0.0,0.0,0.0,0.0,0.0,0.0,0.15,0.3107142857142858,0.0,0.0,0.0,0.0,0.5,0.5,0,0,0.0,0.15,0.253125,0.5638392857142858,,,,,,,,,,,,,,,,,,,,,,,,,,,,,,,,,,,,,,,,,,,
traffic_mem_mechanism,,,,,,,,,,,,,,,,,,,,,,,,,,,,,,,,,,,,,,,,,,,,,,,,,,,,,,,,,,,,,,,,,,,,,,,,,,,,,,,,,,,,,,,,,,,,,,,,,,,,,,,,,,,,,,,,,,,,,,,,,,,,,,,,,,,,,,,,,,,,,,,,,,,,,,,,,,,,,,,,,,,,,,traffic_mem_bundle_vs_direct,full_3d,full_3d_tile_bundle_v3,,,,,,,,,,,,,,,,,,,,,,,,,,,,,,,,,,,,,,,,,,,,metadata_lookup,metadata_lookup,,,matrix23_phase2_mainline_traffic,/home/xgy/remote/snn3dexp/analysis/codesign_matrix/matrix23_phase2_mainline_smoke/traffic_baseline_ablation.json,,,,,,,,,,,,,,,,,,,,,,,,,,,,,,,,,,,,,,,,,,,,,,,,,,,,,,,,,,,,,,,,,,,,,,,,,,,,,,,,,,,,,,,,,,,,,,,,,,,,,,,,,,,,,,,,,,,,,,,,,,,,,,,,,,,,,,,,,,,,,,,,,,,,,,,,,,,,,,,,,,,,,,,,,,,,,,,,,,,,,,,,,,,,,,,,,,,,,route_packetization,router_bundle_v3_rx_total,0,0,0,,,,,,,,,,,,,,,,,,,,,,,,,,,,,,,,,,,,,,
traffic_mem_mechanism,,,,,,,,,,,,,,,,,,,,,,,,,,,,,,,,,,,,,,,,,,,,,,,,,,,,,,,,,,,,,,,,,,,,,,,,,,,,,,,,,,,,,,,,,,,,,,,,,,,,,,,,,,,,,,,,,,,,,,,,,,,,,,,,,,,,,,,,,,,,,,,,,,,,,,,,,,,,,,,,,,,,,,traffic_mem_bundle_vs_direct,full_3d,full_3d_tile_bundle_v3,,,,,,,,,,,,,,,,,,,,,,,,,,,,,,,,,,,,,,,,,,,,metadata_lookup,metadata_lookup,,,matrix23_phase2_mainline_traffic,/home/xgy/remote/snn3dexp/analysis/codesign_matrix/matrix23_phase2_mainline_smoke/traffic_baseline_ablation.json,,,,,,,,,,,,,,,,,,,,,,,,,,,,,,,,,,,,,,,,,,,,,,,,,,,,,,,,,,,,,,,,,,,,,,,,,,,,,,,,,,,,,,,,,,,,,,,,,,,,,,,,,,,,,,,,,,,,,,,,,,,,,,,,,,,,,,,,,,,,,,,,,,,,,,,,,,,,,,,,,,,,,,,,,,,,,,,,,,,,,,,,,,,,,,,,,,,,,route_packetization,tx_bundle_v3_packets_total,0,0,0,,,,,,,,,,,,,,,,,,,,,,,,,,,,,,,,,,,,,,
traffic_mem_mechanism,,,,,,,,,,,,,,,,,,,,,,,,,,,,,,,,,,,,,,,,,,,,,,,,,,,,,,,,,,,,,,,,,,,,,,,,,,,,,,,,,,,,,,,,,,,,,,,,,,,,,,,,,,,,,,,,,,,,,,,,,,,,,,,,,,,,,,,,,,,,,,,,,,,,,,,,,,,,,,,,,,,,,,traffic_mem_bundle_vs_direct,full_3d,full_3d_tile_bundle_v3,,,,,,,,,,,,,,,,,,,,,,,,,,,,,,,,,,,,,,,,,,,,metadata_lookup,metadata_lookup,,,matrix23_phase2_mainline_traffic,/home/xgy/remote/snn3dexp/analysis/codesign_matrix/matrix23_phase2_mainline_smoke/traffic_baseline_ablation.json,,,,,,,,,,,,,,,,,,,,,,,,,,,,,,,,,,,,,,,,,,,,,,,,,,,,,,,,,,,,,,,,,,,,,,,,,,,,,,,,,,,,,,,,,,,,,,,,,,,,,,,,,,,,,,,,,,,,,,,,,,,,,,,,,,,,,,,,,,,,,,,,,,,,,,,,,,,,,,,,,,,,,,,,,,,,,,,,,,,,,,,,,,,,,,,,,,,,,route_packetization,tx_spikekey_v4_packets_total,0,0,0,,,,,,,,,,,,,,,,,,,,,,,,,,,,,,,,,,,,,,
traffic_mem_mechanism,,,,,,,,,,,,,,,,,,,,,,,,,,,,,,,,,,,,,,,,,,,,,,,,,,,,,,,,,,,,,,,,,,,,,,,,,,,,,,,,,,,,,,,,,,,,,,,,,,,,,,,,,,,,,,,,,,,,,,,,,,,,,,,,,,,,,,,,,,,,,,,,,,,,,,,,,,,,,,,,,,,,,,traffic_mem_bundle_vs_direct,full_3d,full_3d_tile_bundle_v3,,,,,,,,,,,,,,,,,,,,,,,,,,,,,,,,,,,,,,,,,,,,metadata_lookup,metadata_lookup,,,matrix23_phase2_mainline_traffic,/home/xgy/remote/snn3dexp/analysis/codesign_matrix/matrix23_phase2_mainline_smoke/traffic_baseline_ablation.json,,,,,,,,,,,,,,,,,,,,,,,,,,,,,,,,,,,,,,,,,,,,,,,,,,,,,,,,,,,,,,,,,,,,,,,,,,,,,,,,,,,,,,,,,,,,,,,,,,,,,,,,,,,,,,,,,,,,,,,,,,,,,,,,,,,,,,,,,,,,,,,,,,,,,,,,,,,,,,,,,,,,,,,,,,,,,,,,,,,,,,,,,,,,,,,,,,,,,processing_writeback,gas_scatter_spikes_emitted_total,0,0,0,,,,,,,,,,,,,,,,,,,,,,,,,,,,,,,,,,,,,,
traffic_mem_mechanism,,,,,,,,,,,,,,,,,,,,,,,,,,,,,,,,,,,,,,,,,,,,,,,,,,,,,,,,,,,,,,,,,,,,,,,,,,,,,,,,,,,,,,,,,,,,,,,,,,,,,,,,,,,,,,,,,,,,,,,,,,,,,,,,,,,,,,,,,,,,,,,,,,,,,,,,,,,,,,,,,,,,,,traffic_mem_bundle_vs_direct,full_3d,full_3d_tile_bundle_v3,,,,,,,,,,,,,,,,,,,,,,,,,,,,,,,,,,,,,,,,,,,,metadata_lookup,metadata_lookup,,,matrix23_phase2_mainline_traffic,/home/xgy/remote/snn3dexp/analysis/codesign_matrix/matrix23_phase2_mainline_smoke/traffic_baseline_ablation.json,,,,,,,,,,,,,,,,,,,,,,,,,,,,,,,,,,,,,,,,,,,,,,,,,,,,,,,,,,,,,,,,,,,,,,,,,,,,,,,,,,,,,,,,,,,,,,,,,,,,,,,,,,,,,,,,,,,,,,,,,,,,,,,,,,,,,,,,,,,,,,,,,,,,,,,,,,,,,,,,,,,,,,,,,,,,,,,,,,,,,,,,,,,,,,,,,,,,,memory_metadata,metadata_lookup_demands,0,0,0,,,,,,,,,,,,,,,,,,,,,,,,,,,,,,,,,,,,,,
traffic_mem_mechanism,,,,,,,,,,,,,,,,,,,,,,,,,,,,,,,,,,,,,,,,,,,,,,,,,,,,,,,,,,,,,,,,,,,,,,,,,,,,,,,,,,,,,,,,,,,,,,,,,,,,,,,,,,,,,,,,,,,,,,,,,,,,,,,,,,,,,,,,,,,,,,,,,,,,,,,,,,,,,,,,,,,,,,traffic_mem_bundle_vs_direct,full_3d,full_3d_tile_bundle_v3,,,,,,,,,,,,,,,,,,,,,,,,,,,,,,,,,,,,,,,,,,,,metadata_lookup,metadata_lookup,,,matrix23_phase2_mainline_traffic,/home/xgy/remote/snn3dexp/analysis/codesign_matrix/matrix23_phase2_mainline_smoke/traffic_baseline_ablation.json,,,,,,,,,,,,,,,,,,,,,,,,,,,,,,,,,,,,,,,,,,,,,,,,,,,,,,,,,,,,,,,,,,,,,,,,,,,,,,,,,,,,,,,,,,,,,,,,,,,,,,,,,,,,,,,,,,,,,,,,,,,,,,,,,,,,,,,,,,,,,,,,,,,,,,,,,,,,,,,,,,,,,,,,,,,,,,,,,,,,,,,,,,,,,,,,,,,,,memory_metadata,metadata_lookup_backlog,0,0,0,,,,,,,,,,,,,,,,,,,,,,,,,,,,,,,,,,,,,,
traffic_mem_mechanism,,,,,,,,,,,,,,,,,,,,,,,,,,,,,,,,,,,,,,,,,,,,,,,,,,,,,,,,,,,,,,,,,,,,,,,,,,,,,,,,,,,,,,,,,,,,,,,,,,,,,,,,,,,,,,,,,,,,,,,,,,,,,,,,,,,,,,,,,,,,,,,,,,,,,,,,,,,,,,,,,,,,,,traffic_mem_bundle_vs_direct,full_3d,full_3d_tile_bundle_v3,,,,,,,,,,,,,,,,,,,,,,,,,,,,,,,,,,,,,,,,,,,,metadata_lookup,metadata_lookup,,,matrix23_phase2_mainline_traffic,/home/xgy/remote/snn3dexp/analysis/codesign_matrix/matrix23_phase2_mainline_smoke/traffic_baseline_ablation.json,,,,,,,,,,,,,,,,,,,,,,,,,,,,,,,,,,,,,,,,,,,,,,,,,,,,,,,,,,,,,,,,,,,,,,,,,,,,,,,,,,,,,,,,,,,,,,,,,,,,,,,,,,,,,,,,,,,,,,,,,,,,,,,,,,,,,,,,,,,,,,,,,,,,,,,,,,,,,,,,,,,,,,,,,,,,,,,,,,,,,,,,,,,,,,,,,,,,,memory_synapse,synapse_gather_demands,0,0,0,,,,,,,,,,,,,,,,,,,,,,,,,,,,,,,,,,,,,,
traffic_mem_mechanism,,,,,,,,,,,,,,,,,,,,,,,,,,,,,,,,,,,,,,,,,,,,,,,,,,,,,,,,,,,,,,,,,,,,,,,,,,,,,,,,,,,,,,,,,,,,,,,,,,,,,,,,,,,,,,,,,,,,,,,,,,,,,,,,,,,,,,,,,,,,,,,,,,,,,,,,,,,,,,,,,,,,,,traffic_mem_bundle_vs_direct,full_3d,full_3d_tile_bundle_v3,,,,,,,,,,,,,,,,,,,,,,,,,,,,,,,,,,,,,,,,,,,,metadata_lookup,metadata_lookup,,,matrix23_phase2_mainline_traffic,/home/xgy/remote/snn3dexp/analysis/codesign_matrix/matrix23_phase2_mainline_smoke/traffic_baseline_ablation.json,,,,,,,,,,,,,,,,,,,,,,,,,,,,,,,,,,,,,,,,,,,,,,,,,,,,,,,,,,,,,,,,,,,,,,,,,,,,,,,,,,,,,,,,,,,,,,,,,,,,,,,,,,,,,,,,,,,,,,,,,,,,,,,,,,,,,,,,,,,,,,,,,,,,,,,,,,,,,,,,,,,,,,,,,,,,,,,,,,,,,,,,,,,,,,,,,,,,,memory_synapse,synapse_gather_backlog,0,0,0,,,,,,,,,,,,,,,,,,,,,,,,,,,,,,,,,,,,,,
traffic_mem_mechanism,,,,,,,,,,,,,,,,,,,,,,,,,,,,,,,,,,,,,,,,,,,,,,,,,,,,,,,,,,,,,,,,,,,,,,,,,,,,,,,,,,,,,,,,,,,,,,,,,,,,,,,,,,,,,,,,,,,,,,,,,,,,,,,,,,,,,,,,,,,,,,,,,,,,,,,,,,,,,,,,,,,,,,traffic_mem_bundle_vs_direct,full_3d,full_3d_tile_bundle_v3,,,,,,,,,,,,,,,,,,,,,,,,,,,,,,,,,,,,,,,,,,,,metadata_lookup,metadata_lookup,,,matrix23_phase2_mainline_traffic,/home/xgy/remote/snn3dexp/analysis/codesign_matrix/matrix23_phase2_mainline_smoke/traffic_baseline_ablation.json,,,,,,,,,,,,,,,,,,,,,,,,,,,,,,,,,,,,,,,,,,,,,,,,,,,,,,,,,,,,,,,,,,,,,,,,,,,,,,,,,,,,,,,,,,,,,,,,,,,,,,,,,,,,,,,,,,,,,,,,,,,,,,,,,,,,,,,,,,,,,,,,,,,,,,,,,,,,,,,,,,,,,,,,,,,,,,,,,,,,,,,,,,,,,,,,,,,,,memory_stream,stream_region_demands,0,0,0,,,,,,,,,,,,,,,,,,,,,,,,,,,,,,,,,,,,,,
traffic_mem_mechanism,,,,,,,,,,,,,,,,,,,,,,,,,,,,,,,,,,,,,,,,,,,,,,,,,,,,,,,,,,,,,,,,,,,,,,,,,,,,,,,,,,,,,,,,,,,,,,,,,,,,,,,,,,,,,,,,,,,,,,,,,,,,,,,,,,,,,,,,,,,,,,,,,,,,,,,,,,,,,,,,,,,,,,traffic_mem_bundle_vs_direct,full_3d,full_3d_tile_bundle_v3,,,,,,,,,,,,,,,,,,,,,,,,,,,,,,,,,,,,,,,,,,,,metadata_lookup,metadata_lookup,,,matrix23_phase2_mainline_traffic,/home/xgy/remote/snn3dexp/analysis/codesign_matrix/matrix23_phase2_mainline_smoke/traffic_baseline_ablation.json,,,,,,,,,,,,,,,,,,,,,,,,,,,,,,,,,,,,,,,,,,,,,,,,,,,,,,,,,,,,,,,,,,,,,,,,,,,,,,,,,,,,,,,,,,,,,,,,,,,,,,,,,,,,,,,,,,,,,,,,,,,,,,,,,,,,,,,,,,,,,,,,,,,,,,,,,,,,,,,,,,,,,,,,,,,,,,,,,,,,,,,,,,,,,,,,,,,,,memory_stream,stream_region_backlog,0,0,0,,,,,,,,,,,,,,,,,,,,,,,,,,,,,,,,,,,,,,
traffic_mem_mechanism,,,,,,,,,,,,,,,,,,,,,,,,,,,,,,,,,,,,,,,,,,,,,,,,,,,,,,,,,,,,,,,,,,,,,,,,,,,,,,,,,,,,,,,,,,,,,,,,,,,,,,,,,,,,,,,,,,,,,,,,,,,,,,,,,,,,,,,,,,,,,,,,,,,,,,,,,,,,,,,,,,,,,,traffic_mem_bundle_vs_direct,full_3d,full_3d_tile_bundle_v3,,,,,,,,,,,,,,,,,,,,,,,,,,,,,,,,,,,,,,,,,,,,metadata_lookup,metadata_lookup,,,matrix23_phase2_mainline_traffic,/home/xgy/remote/snn3dexp/analysis/codesign_matrix/matrix23_phase2_mainline_smoke/traffic_baseline_ablation.json,,,,,,,,,,,,,,,,,,,,,,,,,,,,,,,,,,,,,,,,,,,,,,,,,,,,,,,,,,,,,,,,,,,,,,,,,,,,,,,,,,,,,,,,,,,,,,,,,,,,,,,,,,,,,,,,,,,,,,,,,,,,,,,,,,,,,,,,,,,,,,,,,,,,,,,,,,,,,,,,,,,,,,,,,,,,,,,,,,,,,,,,,,,,,,,,,,,,,memory_writeback,writeback_region_demands,0,0,0,,,,,,,,,,,,,,,,,,,,,,,,,,,,,,,,,,,,,,
traffic_mem_mechanism,,,,,,,,,,,,,,,,,,,,,,,,,,,,,,,,,,,,,,,,,,,,,,,,,,,,,,,,,,,,,,,,,,,,,,,,,,,,,,,,,,,,,,,,,,,,,,,,,,,,,,,,,,,,,,,,,,,,,,,,,,,,,,,,,,,,,,,,,,,,,,,,,,,,,,,,,,,,,,,,,,,,,,traffic_mem_bundle_vs_direct,full_3d,full_3d_tile_bundle_v3,,,,,,,,,,,,,,,,,,,,,,,,,,,,,,,,,,,,,,,,,,,,metadata_lookup,metadata_lookup,,,matrix23_phase2_mainline_traffic,/home/xgy/remote/snn3dexp/analysis/codesign_matrix/matrix23_phase2_mainline_smoke/traffic_baseline_ablation.json,,,,,,,,,,,,,,,,,,,,,,,,,,,,,,,,,,,,,,,,,,,,,,,,,,,,,,,,,,,,,,,,,,,,,,,,,,,,,,,,,,,,,,,,,,,,,,,,,,,,,,,,,,,,,,,,,,,,,,,,,,,,,,,,,,,,,,,,,,,,,,,,,,,,,,,,,,,,,,,,,,,,,,,,,,,,,,,,,,,,,,,,,,,,,,,,,,,,,memory_writeback,writeback_region_backlog,0,0,0,,,,,,,,,,,,,,,,,,,,,,,,,,,,,,,,,,,,,,
traffic_mem_mechanism,,,,,,,,,,,,,,,,,,,,,,,,,,,,,,,,,,,,,,,,,,,,,,,,,,,,,,,,,,,,,,,,,,,,,,,,,,,,,,,,,,,,,,,,,,,,,,,,,,,,,,,,,,,,,,,,,,,,,,,,,,,,,,,,,,,,,,,,,,,,,,,,,,,,,,,,,,,,,,,,,,,,,,traffic_mem_bundle_vs_direct,full_3d,full_3d_tile_bundle_v3,,,,,,,,,,,,,,,,,,,,,,,,,,,,,,,,,,,,,,,,,,,,metadata_lookup,metadata_lookup,,,matrix23_phase2_mainline_traffic,/home/xgy/remote/snn3dexp/analysis/codesign_matrix/matrix23_phase2_mainline_smoke/traffic_baseline_ablation.json,,,,,,,,,,,,,,,,,,,,,,,,,,,,,,,,,,,,,,,,,,,,,,,,,,,,,,,,,,,,,,,,,,,,,,,,,,,,,,,,,,,,,,,,,,,,,,,,,,,,,,,,,,,,,,,,,,,,,,,,,,,,,,,,,,,,,,,,,,,,,,,,,,,,,,,,,,,,,,,,,,,,,,,,,,,,,,,,,,,,,,,,,,,,,,,,,,,,,home_access_class,tier_local_home_total_demands,0,0,0,,,,,,,,,,,,,,,,,,,,,,,,,,,,,,,,,,,,,,
traffic_mem_mechanism,,,,,,,,,,,,,,,,,,,,,,,,,,,,,,,,,,,,,,,,,,,,,,,,,,,,,,,,,,,,,,,,,,,,,,,,,,,,,,,,,,,,,,,,,,,,,,,,,,,,,,,,,,,,,,,,,,,,,,,,,,,,,,,,,,,,,,,,,,,,,,,,,,,,,,,,,,,,,,,,,,,,,,traffic_mem_bundle_vs_direct,full_3d,full_3d_tile_bundle_v3,,,,,,,,,,,,,,,,,,,,,,,,,,,,,,,,,,,,,,,,,,,,metadata_lookup,metadata_lookup,,,matrix23_phase2_mainline_traffic,/home/xgy/remote/snn3dexp/analysis/codesign_matrix/matrix23_phase2_mainline_smoke/traffic_baseline_ablation.json,,,,,,,,,,,,,,,,,,,,,,,,,,,,,,,,,,,,,,,,,,,,,,,,,,,,,,,,,,,,,,,,,,,,,,,,,,,,,,,,,,,,,,,,,,,,,,,,,,,,,,,,,,,,,,,,,,,,,,,,,,,,,,,,,,,,,,,,,,,,,,,,,,,,,,,,,,,,,,,,,,,,,,,,,,,,,,,,,,,,,,,,,,,,,,,,,,,,,home_access_class,same_xy_cross_tier_total_demands,0,0,0,,,,,,,,,,,,,,,,,,,,,,,,,,,,,,,,,,,,,,
traffic_mem_mechanism,,,,,,,,,,,,,,,,,,,,,,,,,,,,,,,,,,,,,,,,,,,,,,,,,,,,,,,,,,,,,,,,,,,,,,,,,,,,,,,,,,,,,,,,,,,,,,,,,,,,,,,,,,,,,,,,,,,,,,,,,,,,,,,,,,,,,,,,,,,,,,,,,,,,,,,,,,,,,,,,,,,,,,traffic_mem_bundle_vs_direct,full_3d,full_3d_tile_bundle_v3,,,,,,,,,,,,,,,,,,,,,,,,,,,,,,,,,,,,,,,,,,,,metadata_lookup,metadata_lookup,,,matrix23_phase2_mainline_traffic,/home/xgy/remote/snn3dexp/analysis/codesign_matrix/matrix23_phase2_mainline_smoke/traffic_baseline_ablation.json,,,,,,,,,,,,,,,,,,,,,,,,,,,,,,,,,,,,,,,,,,,,,,,,,,,,,,,,,,,,,,,,,,,,,,,,,,,,,,,,,,,,,,,,,,,,,,,,,,,,,,,,,,,,,,,,,,,,,,,,,,,,,,,,,,,,,,,,,,,,,,,,,,,,,,,,,,,,,,,,,,,,,,,,,,,,,,,,,,,,,,,,,,,,,,,,,,,,,home_access_class,remote_home_total_demands,0,0,0,,,,,,,,,,,,,,,,,,,,,,,,,,,,,,,,,,,,,,
traffic_mem_mechanism,,,,,,,,,,,,,,,,,,,,,,,,,,,,,,,,,,,,,,,,,,,,,,,,,,,,,,,,,,,,,,,,,,,,,,,,,,,,,,,,,,,,,,,,,,,,,,,,,,,,,,,,,,,,,,,,,,,,,,,,,,,,,,,,,,,,,,,,,,,,,,,,,,,,,,,,,,,,,,,,,,,,,,traffic_mem_bundle_vs_direct,full_3d,full_3d_tile_bundle_v3,,,,,,,,,,,,,,,,,,,,,,,,,,,,,,,,,,,,,,,,,,,,metadata_lookup,metadata_lookup,,,matrix23_phase2_mainline_traffic,/home/xgy/remote/snn3dexp/analysis/codesign_matrix/matrix23_phase2_mainline_smoke/traffic_baseline_ablation.json,,,,,,,,,,,,,,,,,,,,,,,,,,,,,,,,,,,,,,,,,,,,,,,,,,,,,,,,,,,,,,,,,,,,,,,,,,,,,,,,,,,,,,,,,,,,,,,,,,,,,,,,,,,,,,,,,,,,,,,,,,,,,,,,,,,,,,,,,,,,,,,,,,,,,,,,,,,,,,,,,,,,,,,,,,,,,,,,,,,,,,,,,,,,,,,,,,,,,home_pressure,tier_local_home_service_deficit_attribution,0.0,0.0,0.0,,,,,,,,,,,,,,,,,,,,,,,,,,,,,,,,,,,,,,
traffic_mem_mechanism,,,,,,,,,,,,,,,,,,,,,,,,,,,,,,,,,,,,,,,,,,,,,,,,,,,,,,,,,,,,,,,,,,,,,,,,,,,,,,,,,,,,,,,,,,,,,,,,,,,,,,,,,,,,,,,,,,,,,,,,,,,,,,,,,,,,,,,,,,,,,,,,,,,,,,,,,,,,,,,,,,,,,,traffic_mem_bundle_vs_direct,full_3d,full_3d_tile_bundle_v3,,,,,,,,,,,,,,,,,,,,,,,,,,,,,,,,,,,,,,,,,,,,metadata_lookup,metadata_lookup,,,matrix23_phase2_mainline_traffic,/home/xgy/remote/snn3dexp/analysis/codesign_matrix/matrix23_phase2_mainline_smoke/traffic_baseline_ablation.json,,,,,,,,,,,,,,,,,,,,,,,,,,,,,,,,,,,,,,,,,,,,,,,,,,,,,,,,,,,,,,,,,,,,,,,,,,,,,,,,,,,,,,,,,,,,,,,,,,,,,,,,,,,,,,,,,,,,,,,,,,,,,,,,,,,,,,,,,,,,,,,,,,,,,,,,,,,,,,,,,,,,,,,,,,,,,,,,,,,,,,,,,,,,,,,,,,,,,home_pressure,same_xy_cross_tier_service_deficit_attribution,0.0,0.0,0.0,,,,,,,,,,,,,,,,,,,,,,,,,,,,,,,,,,,,,,
traffic_mem_mechanism,,,,,,,,,,,,,,,,,,,,,,,,,,,,,,,,,,,,,,,,,,,,,,,,,,,,,,,,,,,,,,,,,,,,,,,,,,,,,,,,,,,,,,,,,,,,,,,,,,,,,,,,,,,,,,,,,,,,,,,,,,,,,,,,,,,,,,,,,,,,,,,,,,,,,,,,,,,,,,,,,,,,,,traffic_mem_bundle_vs_direct,full_3d,full_3d_tile_bundle_v3,,,,,,,,,,,,,,,,,,,,,,,,,,,,,,,,,,,,,,,,,,,,metadata_lookup,metadata_lookup,,,matrix23_phase2_mainline_traffic,/home/xgy/remote/snn3dexp/analysis/codesign_matrix/matrix23_phase2_mainline_smoke/traffic_baseline_ablation.json,,,,,,,,,,,,,,,,,,,,,,,,,,,,,,,,,,,,,,,,,,,,,,,,,,,,,,,,,,,,,,,,,,,,,,,,,,,,,,,,,,,,,,,,,,,,,,,,,,,,,,,,,,,,,,,,,,,,,,,,,,,,,,,,,,,,,,,,,,,,,,,,,,,,,,,,,,,,,,,,,,,,,,,,,,,,,,,,,,,,,,,,,,,,,,,,,,,,,home_pressure,remote_home_service_deficit_attribution,0.0,0.0,0.0,,,,,,,,,,,,,,,,,,,,,,,,,,,,,,,,,,,,,,
traffic_mem_mechanism,,,,,,,,,,,,,,,,,,,,,,,,,,,,,,,,,,,,,,,,,,,,,,,,,,,,,,,,,,,,,,,,,,,,,,,,,,,,,,,,,,,,,,,,,,,,,,,,,,,,,,,,,,,,,,,,,,,,,,,,,,,,,,,,,,,,,,,,,,,,,,,,,,,,,,,,,,,,,,,,,,,,,,traffic_mem_bundle_vs_direct,full_3d,full_3d_tile_bundle_v3,,,,,,,,,,,,,,,,,,,,,,,,,,,,,,,,,,,,,,,,,,,,metadata_lookup,metadata_lookup,,,matrix23_phase2_mainline_traffic,/home/xgy/remote/snn3dexp/analysis/codesign_matrix/matrix23_phase2_mainline_smoke/traffic_baseline_ablation.json,,,,,,,,,,,,,,,,,,,,,,,,,,,,,,,,,,,,,,,,,,,,,,,,,,,,,,,,,,,,,,,,,,,,,,,,,,,,,,,,,,,,,,,,,,,,,,,,,,,,,,,,,,,,,,,,,,,,,,,,,,,,,,,,,,,,,,,,,,,,,,,,,,,,,,,,,,,,,,,,,,,,,,,,,,,,,,,,,,,,,,,,,,,,,,,,,,,,,home_pressure,attributed_service_deficit_total,0.0,0.0,0.0,,,,,,,,,,,,,,,,,,,,,,,,,,,,,,,,,,,,,,
traffic_mem_mechanism,,,,,,,,,,,,,,,,,,,,,,,,,,,,,,,,,,,,,,,,,,,,,,,,,,,,,,,,,,,,,,,,,,,,,,,,,,,,,,,,,,,,,,,,,,,,,,,,,,,,,,,,,,,,,,,,,,,,,,,,,,,,,,,,,,,,,,,,,,,,,,,,,,,,,,,,,,,,,,,,,,,,,,traffic_mem_bundle_vs_direct,full_3d,full_3d_tile_bundle_v3,,,,,,,,,,,,,,,,,,,,,,,,,,,,,,,,,,,,,,,,,,,,metadata_lookup,metadata_lookup,,,matrix23_phase2_mainline_traffic,/home/xgy/remote/snn3dexp/analysis/codesign_matrix/matrix23_phase2_mainline_smoke/traffic_baseline_ablation.json,,,,,,,,,,,,,,,,,,,,,,,,,,,,,,,,,,,,,,,,,,,,,,,,,,,,,,,,,,,,,,,,,,,,,,,,,,,,,,,,,,,,,,,,,,,,,,,,,,,,,,,,,,,,,,,,,,,,,,,,,,,,,,,,,,,,,,,,,,,,,,,,,,,,,,,,,,,,,,,,,,,,,,,,,,,,,,,,,,,,,,,,,,,,,,,,,,,,,stack_pressure,active_stack_utilization,0.0,0.0,0.0,,,,,,,,,,,,,,,,,,,,,,,,,,,,,,,,,,,,,,
traffic_mem_mechanism,,,,,,,,,,,,,,,,,,,,,,,,,,,,,,,,,,,,,,,,,,,,,,,,,,,,,,,,,,,,,,,,,,,,,,,,,,,,,,,,,,,,,,,,,,,,,,,,,,,,,,,,,,,,,,,,,,,,,,,,,,,,,,,,,,,,,,,,,,,,,,,,,,,,,,,,,,,,,,,,,,,,,,traffic_mem_bundle_vs_direct,full_3d,full_3d_tile_bundle_v3,,,,,,,,,,,,,,,,,,,,,,,,,,,,,,,,,,,,,,,,,,,,metadata_lookup,metadata_lookup,,,matrix23_phase2_mainline_traffic,/home/xgy/remote/snn3dexp/analysis/codesign_matrix/matrix23_phase2_mainline_smoke/traffic_baseline_ablation.json,,,,,,,,,,,,,,,,,,,,,,,,,,,,,,,,,,,,,,,,,,,,,,,,,,,,,,,,,,,,,,,,,,,,,,,,,,,,,,,,,,,,,,,,,,,,,,,,,,,,,,,,,,,,,,,,,,,,,,,,,,,,,,,,,,,,,,,,,,,,,,,,,,,,,,,,,,,,,,,,,,,,,,,,,,,,,,,,,,,,,,,,,,,,,,,,,,,,,stack_pressure,most_pressured_stack_service_deficit,0,0,0,,,,,,,,,,,,,,,,,,,,,,,,,,,,,,,,,,,,,,
traffic_mem_mechanism,,,,,,,,,,,,,,,,,,,,,,,,,,,,,,,,,,,,,,,,,,,,,,,,,,,,,,,,,,,,,,,,,,,,,,,,,,,,,,,,,,,,,,,,,,,,,,,,,,,,,,,,,,,,,,,,,,,,,,,,,,,,,,,,,,,,,,,,,,,,,,,,,,,,,,,,,,,,,,,,,,,,,,traffic_mem_bundle_vs_direct,full_3d,full_3d_tile_bundle_v3,,,,,,,,,,,,,,,,,,,,,,,,,,,,,,,,,,,,,,,,,,,,metadata_lookup,metadata_lookup,,,matrix23_phase2_mainline_traffic,/home/xgy/remote/snn3dexp/analysis/codesign_matrix/matrix23_phase2_mainline_smoke/traffic_baseline_ablation.json,,,,,,,,,,,,,,,,,,,,,,,,,,,,,,,,,,,,,,,,,,,,,,,,,,,,,,,,,,,,,,,,,,,,,,,,,,,,,,,,,,,,,,,,,,,,,,,,,,,,,,,,,,,,,,,,,,,,,,,,,,,,,,,,,,,,,,,,,,,,,,,,,,,,,,,,,,,,,,,,,,,,,,,,,,,,,,,,,,,,,,,,,,,,,,,,,,,,,stack_pressure,most_pressured_controller_service_deficit_proxy,0.0,0.0,0.0,,,,,,,,,,,,,,,,,,,,,,,,,,,,,,,,,,,,,,
traffic_mem_mechanism,,,,,,,,,,,,,,,,,,,,,,,,,,,,,,,,,,,,,,,,,,,,,,,,,,,,,,,,,,,,,,,,,,,,,,,,,,,,,,,,,,,,,,,,,,,,,,,,,,,,,,,,,,,,,,,,,,,,,,,,,,,,,,,,,,,,,,,,,,,,,,,,,,,,,,,,,,,,,,,,,,,,,,traffic_mem_bundle_vs_direct,full_3d,full_3d_tile_bundle_v3,,,,,,,,,,,,,,,,,,,,,,,,,,,,,,,,,,,,,,,,,,,,metadata_lookup,metadata_lookup,,,matrix23_phase2_mainline_traffic,/home/xgy/remote/snn3dexp/analysis/codesign_matrix/matrix23_phase2_mainline_smoke/traffic_baseline_ablation.json,,,,,,,,,,,,,,,,,,,,,,,,,,,,,,,,,,,,,,,,,,,,,,,,,,,,,,,,,,,,,,,,,,,,,,,,,,,,,,,,,,,,,,,,,,,,,,,,,,,,,,,,,,,,,,,,,,,,,,,,,,,,,,,,,,,,,,,,,,,,,,,,,,,,,,,,,,,,,,,,,,,,,,,,,,,,,,,,,,,,,,,,,,,,,,,,,,,,,stack_pressure,stack_memory_request_skew,0.0,0.0,0.0,,,,,,,,,,,,,,,,,,,,,,,,,,,,,,,,,,,,,,
traffic_mem_mechanism,,,,,,,,,,,,,,,,,,,,,,,,,,,,,,,,,,,,,,,,,,,,,,,,,,,,,,,,,,,,,,,,,,,,,,,,,,,,,,,,,,,,,,,,,,,,,,,,,,,,,,,,,,,,,,,,,,,,,,,,,,,,,,,,,,,,,,,,,,,,,,,,,,,,,,,,,,,,,,,,,,,,,,traffic_mem_bundle_vs_direct,full_3d,full_3d_tile_bundle_v3,,,,,,,,,,,,,,,,,,,,,,,,,,,,,,,,,,,,,,,,,,,,metadata_lookup,metadata_lookup,,,matrix23_phase2_mainline_traffic,/home/xgy/remote/snn3dexp/analysis/codesign_matrix/matrix23_phase2_mainline_smoke/traffic_baseline_ablation.json,,,,,,,,,,,,,,,,,,,,,,,,,,,,,,,,,,,,,,,,,,,,,,,,,,,,,,,,,,,,,,,,,,,,,,,,,,,,,,,,,,,,,,,,,,,,,,,,,,,,,,,,,,,,,,,,,,,,,,,,,,,,,,,,,,,,,,,,,,,,,,,,,,,,,,,,,,,,,,,,,,,,,,,,,,,,,,,,,,,,,,,,,,,,,,,,,,,,,stack_pressure,stack_service_deficit_skew,0.0,0.0,0.0,,,,,,,,,,,,,,,,,,,,,,,,,,,,,,,,,,,,,,
traffic_mem_mechanism,,,,,,,,,,,,,,,,,,,,,,,,,,,,,,,,,,,,,,,,,,,,,,,,,,,,,,,,,,,,,,,,,,,,,,,,,,,,,,,,,,,,,,,,,,,,,,,,,,,,,,,,,,,,,,,,,,,,,,,,,,,,,,,,,,,,,,,,,,,,,,,,,,,,,,,,,,,,,,,,,,,,,,traffic_mem_bundle_vs_direct,full_3d,full_3d_tile_bundle_v3,,,,,,,,,,,,,,,,,,,,,,,,,,,,,,,,,,,,,,,,,,,,metadata_lookup,metadata_lookup,,,matrix23_phase2_mainline_traffic,/home/xgy/remote/snn3dexp/analysis/codesign_matrix/matrix23_phase2_mainline_smoke/traffic_baseline_ablation.json,,,,,,,,,,,,,,,,,,,,,,,,,,,,,,,,,,,,,,,,,,,,,,,,,,,,,,,,,,,,,,,,,,,,,,,,,,,,,,,,,,,,,,,,,,,,,,,,,,,,,,,,,,,,,,,,,,,,,,,,,,,,,,,,,,,,,,,,,,,,,,,,,,,,,,,,,,,,,,,,,,,,,,,,,,,,,,,,,,,,,,,,,,,,,,,,,,,,,service,total_service_deficit,0,0,0,,,,,,,,,,,,,,,,,,,,,,,,,,,,,,,,,,,,,,
traffic_mem_mechanism,,,,,,,,,,,,,,,,,,,,,,,,,,,,,,,,,,,,,,,,,,,,,,,,,,,,,,,,,,,,,,,,,,,,,,,,,,,,,,,,,,,,,,,,,,,,,,,,,,,,,,,,,,,,,,,,,,,,,,,,,,,,,,,,,,,,,,,,,,,,,,,,,,,,,,,,,,,,,,,,,,,,,,traffic_mem_monolithic_vs_hbm,full_3d,full_3d_monolithic_proxy,,,,,,,,,,,,,,,,,,,,,,,,,,,,,,,,,,,,,,,,,,,,metadata_lookup,metadata_lookup,,,matrix23_phase2_mainline_traffic,/home/xgy/remote/snn3dexp/analysis/codesign_matrix/matrix23_phase2_mainline_smoke/traffic_baseline_ablation.json,,,,,,,,,,,,,,,,,,,,,,,,,,,,,,,,,,,,,,,,,,,,,,,,,,,,,,,,,,,,,,,,,,,,,,,,,,,,,,,,,,,,,,,,,,,,,,,,,,,,,,,,,,,,,,,,,,,,,,,,,,,,,,,,,,,,,,,,,,,,,,,,,,,,,,,,,,,,,,,,,,,,,,,,,,,,,,,,,,,,,,,,,,,,,,,,,,,,,memory_requests,memory_requests_total,0,0,0,,,,,,,,,,,,,,,,,,,,,,,,,,,,,,,,,,,,,,
traffic_mem_mechanism,,,,,,,,,,,,,,,,,,,,,,,,,,,,,,,,,,,,,,,,,,,,,,,,,,,,,,,,,,,,,,,,,,,,,,,,,,,,,,,,,,,,,,,,,,,,,,,,,,,,,,,,,,,,,,,,,,,,,,,,,,,,,,,,,,,,,,,,,,,,,,,,,,,,,,,,,,,,,,,,,,,,,,traffic_mem_monolithic_vs_hbm,full_3d,full_3d_monolithic_proxy,,,,,,,,,,,,,,,,,,,,,,,,,,,,,,,,,,,,,,,,,,,,metadata_lookup,metadata_lookup,,,matrix23_phase2_mainline_traffic,/home/xgy/remote/snn3dexp/analysis/codesign_matrix/matrix23_phase2_mainline_smoke/traffic_baseline_ablation.json,,,,,,,,,,,,,,,,,,,,,,,,,,,,,,,,,,,,,,,,,,,,,,,,,,,,,,,,,,,,,,,,,,,,,,,,,,,,,,,,,,,,,,,,,,,,,,,,,,,,,,,,,,,,,,,,,,,,,,,,,,,,,,,,,,,,,,,,,,,,,,,,,,,,,,,,,,,,,,,,,,,,,,,,,,,,,,,,,,,,,,,,,,,,,,,,,,,,,service,total_service_deficit,0,0,0,,,,,,,,,,,,,,,,,,,,,,,,,,,,,,,,,,,,,,
traffic_mem_mechanism,,,,,,,,,,,,,,,,,,,,,,,,,,,,,,,,,,,,,,,,,,,,,,,,,,,,,,,,,,,,,,,,,,,,,,,,,,,,,,,,,,,,,,,,,,,,,,,,,,,,,,,,,,,,,,,,,,,,,,,,,,,,,,,,,,,,,,,,,,,,,,,,,,,,,,,,,,,,,,,,,,,,,,traffic_mem_monolithic_vs_hbm,full_3d,full_3d_monolithic_proxy,,,,,,,,,,,,,,,,,,,,,,,,,,,,,,,,,,,,,,,,,,,,metadata_lookup,metadata_lookup,,,matrix23_phase2_mainline_traffic,/home/xgy/remote/snn3dexp/analysis/codesign_matrix/matrix23_phase2_mainline_smoke/traffic_baseline_ablation.json,,,,,,,,,,,,,,,,,,,,,,,,,,,,,,,,,,,,,,,,,,,,,,,,,,,,,,,,,,,,,,,,,,,,,,,,,,,,,,,,,,,,,,,,,,,,,,,,,,,,,,,,,,,,,,,,,,,,,,,,,,,,,,,,,,,,,,,,,,,,,,,,,,,,,,,,,,,,,,,,,,,,,,,,,,,,,,,,,,,,,,,,,,,,,,,,,,,,,topology,vertical_hops_ratio,0.0,0.0,0.0,,,,,,,,,,,,,,,,,,,,,,,,,,,,,,,,,,,,,,
traffic_mem_mechanism,,,,,,,,,,,,,,,,,,,,,,,,,,,,,,,,,,,,,,,,,,,,,,,,,,,,,,,,,,,,,,,,,,,,,,,,,,,,,,,,,,,,,,,,,,,,,,,,,,,,,,,,,,,,,,,,,,,,,,,,,,,,,,,,,,,,,,,,,,,,,,,,,,,,,,,,,,,,,,,,,,,,,,traffic_mem_monolithic_vs_hbm,full_3d,full_3d_monolithic_proxy,,,,,,,,,,,,,,,,,,,,,,,,,,,,,,,,,,,,,,,,,,,,metadata_lookup,metadata_lookup,,,matrix23_phase2_mainline_traffic,/home/xgy/remote/snn3dexp/analysis/codesign_matrix/matrix23_phase2_mainline_smoke/traffic_baseline_ablation.json,,,,,,,,,,,,,,,,,,,,,,,,,,,,,,,,,,,,,,,,,,,,,,,,,,,,,,,,,,,,,,,,,,,,,,,,,,,,,,,,,,,,,,,,,,,,,,,,,,,,,,,,,,,,,,,,,,,,,,,,,,,,,,,,,,,,,,,,,,,,,,,,,,,,,,,,,,,,,,,,,,,,,,,,,,,,,,,,,,,,,,,,,,,,,,,,,,,,,routing_locality,remote_home_ratio,0.0,0.0,0.0,,,,,,,,,,,,,,,,,,,,,,,,,,,,,,,,,,,,,,
traffic_mem_mechanism,,,,,,,,,,,,,,,,,,,,,,,,,,,,,,,,,,,,,,,,,,,,,,,,,,,,,,,,,,,,,,,,,,,,,,,,,,,,,,,,,,,,,,,,,,,,,,,,,,,,,,,,,,,,,,,,,,,,,,,,,,,,,,,,,,,,,,,,,,,,,,,,,,,,,,,,,,,,,,,,,,,,,,traffic_mem_monolithic_vs_hbm,full_3d,full_3d_monolithic_proxy,,,,,,,,,,,,,,,,,,,,,,,,,,,,,,,,,,,,,,,,,,,,metadata_lookup,metadata_lookup,,,matrix23_phase2_mainline_traffic,/home/xgy/remote/snn3dexp/analysis/codesign_matrix/matrix23_phase2_mainline_smoke/traffic_baseline_ablation.json,,,,,,,,,,,,,,,,,,,,,,,,,,,,,,,,,,,,,,,,,,,,,,,,,,,,,,,,,,,,,,,,,,,,,,,,,,,,,,,,,,,,,,,,,,,,,,,,,,,,,,,,,,,,,,,,,,,,,,,,,,,,,,,,,,,,,,,,,,,,,,,,,,,,,,,,,,,,,,,,,,,,,,,,,,,,,,,,,,,,,,,,,,,,,,,,,,,,,home_semantics,tier_local_home_access_ratio,0.25,0.25,0.0,1.0,0.0,,,,,,,,,,,,,,,,,,,,,,,,,,,,,,,,,,,,
traffic_mem_mechanism,,,,,,,,,,,,,,,,,,,,,,,,,,,,,,,,,,,,,,,,,,,,,,,,,,,,,,,,,,,,,,,,,,,,,,,,,,,,,,,,,,,,,,,,,,,,,,,,,,,,,,,,,,,,,,,,,,,,,,,,,,,,,,,,,,,,,,,,,,,,,,,,,,,,,,,,,,,,,,,,,,,,,,traffic_mem_monolithic_vs_hbm,full_3d,full_3d_monolithic_proxy,,,,,,,,,,,,,,,,,,,,,,,,,,,,,,,,,,,,,,,,,,,,metadata_lookup,metadata_lookup,,,matrix23_phase2_mainline_traffic,/home/xgy/remote/snn3dexp/analysis/codesign_matrix/matrix23_phase2_mainline_smoke/traffic_baseline_ablation.json,,,,,,,,,,,,,,,,,,,,,,,,,,,,,,,,,,,,,,,,,,,,,,,,,,,,,,,,,,,,,,,,,,,,,,,,,,,,,,,,,,,,,,,,,,,,,,,,,,,,,,,,,,,,,,,,,,,,,,,,,,,,,,,,,,,,,,,,,,,,,,,,,,,,,,,,,,,,,,,,,,,,,,,,,,,,,,,,,,,,,,,,,,,,,,,,,,,,,home_semantics,same_xy_cross_tier_access_ratio,0.25,0.25,0.0,1.0,0.0,,,,,,,,,,,,,,,,,,,,,,,,,,,,,,,,,,,,
traffic_mem_mechanism,,,,,,,,,,,,,,,,,,,,,,,,,,,,,,,,,,,,,,,,,,,,,,,,,,,,,,,,,,,,,,,,,,,,,,,,,,,,,,,,,,,,,,,,,,,,,,,,,,,,,,,,,,,,,,,,,,,,,,,,,,,,,,,,,,,,,,,,,,,,,,,,,,,,,,,,,,,,,,,,,,,,,,traffic_mem_monolithic_vs_hbm,full_3d,full_3d_monolithic_proxy,,,,,,,,,,,,,,,,,,,,,,,,,,,,,,,,,,,,,,,,,,,,metadata_lookup,metadata_lookup,,,matrix23_phase2_mainline_traffic,/home/xgy/remote/snn3dexp/analysis/codesign_matrix/matrix23_phase2_mainline_smoke/traffic_baseline_ablation.json,,,,,,,,,,,,,,,,,,,,,,,,,,,,,,,,,,,,,,,,,,,,,,,,,,,,,,,,,,,,,,,,,,,,,,,,,,,,,,,,,,,,,,,,,,,,,,,,,,,,,,,,,,,,,,,,,,,,,,,,,,,,,,,,,,,,,,,,,,,,,,,,,,,,,,,,,,,,,,,,,,,,,,,,,,,,,,,,,,,,,,,,,,,,,,,,,,,,,home_semantics,remote_home_access_ratio,0.5,0.5,0.0,1.0,0.0,,,,,,,,,,,,,,,,,,,,,,,,,,,,,,,,,,,,
traffic_mem_mechanism,,,,,,,,,,,,,,,,,,,,,,,,,,,,,,,,,,,,,,,,,,,,,,,,,,,,,,,,,,,,,,,,,,,,,,,,,,,,,,,,,,,,,,,,,,,,,,,,,,,,,,,,,,,,,,,,,,,,,,,,,,,,,,,,,,,,,,,,,,,,,,,,,,,,,,,,,,,,,,,,,,,,,,traffic_mem_monolithic_vs_hbm,full_3d,full_3d_monolithic_proxy,,,,,,,,,,,,,,,,,,,,,,,,,,,,,,,,,,,,,,,,,,,,metadata_lookup,metadata_lookup,,,matrix23_phase2_mainline_traffic,/home/xgy/remote/snn3dexp/analysis/codesign_matrix/matrix23_phase2_mainline_smoke/traffic_baseline_ablation.json,,,,,,,,,,,,,,,,,,,,,,,,,,,,,,,,,,,,,,,,,,,,,,,,,,,,,,,,,,,,,,,,,,,,,,,,,,,,,,,,,,,,,,,,,,,,,,,,,,,,,,,,,,,,,,,,,,,,,,,,,,,,,,,,,,,,,,,,,,,,,,,,,,,,,,,,,,,,,,,,,,,,,,,,,,,,,,,,,,,,,,,,,,,,,,,,,,,,,home_access_class,tier_local_home_total_demands,0,0,0,,,,,,,,,,,,,,,,,,,,,,,,,,,,,,,,,,,,,,
traffic_mem_mechanism,,,,,,,,,,,,,,,,,,,,,,,,,,,,,,,,,,,,,,,,,,,,,,,,,,,,,,,,,,,,,,,,,,,,,,,,,,,,,,,,,,,,,,,,,,,,,,,,,,,,,,,,,,,,,,,,,,,,,,,,,,,,,,,,,,,,,,,,,,,,,,,,,,,,,,,,,,,,,,,,,,,,,,traffic_mem_monolithic_vs_hbm,full_3d,full_3d_monolithic_proxy,,,,,,,,,,,,,,,,,,,,,,,,,,,,,,,,,,,,,,,,,,,,metadata_lookup,metadata_lookup,,,matrix23_phase2_mainline_traffic,/home/xgy/remote/snn3dexp/analysis/codesign_matrix/matrix23_phase2_mainline_smoke/traffic_baseline_ablation.json,,,,,,,,,,,,,,,,,,,,,,,,,,,,,,,,,,,,,,,,,,,,,,,,,,,,,,,,,,,,,,,,,,,,,,,,,,,,,,,,,,,,,,,,,,,,,,,,,,,,,,,,,,,,,,,,,,,,,,,,,,,,,,,,,,,,,,,,,,,,,,,,,,,,,,,,,,,,,,,,,,,,,,,,,,,,,,,,,,,,,,,,,,,,,,,,,,,,,home_access_class,same_xy_cross_tier_total_demands,0,0,0,,,,,,,,,,,,,,,,,,,,,,,,,,,,,,,,,,,,,,
traffic_mem_mechanism,,,,,,,,,,,,,,,,,,,,,,,,,,,,,,,,,,,,,,,,,,,,,,,,,,,,,,,,,,,,,,,,,,,,,,,,,,,,,,,,,,,,,,,,,,,,,,,,,,,,,,,,,,,,,,,,,,,,,,,,,,,,,,,,,,,,,,,,,,,,,,,,,,,,,,,,,,,,,,,,,,,,,,traffic_mem_monolithic_vs_hbm,full_3d,full_3d_monolithic_proxy,,,,,,,,,,,,,,,,,,,,,,,,,,,,,,,,,,,,,,,,,,,,metadata_lookup,metadata_lookup,,,matrix23_phase2_mainline_traffic,/home/xgy/remote/snn3dexp/analysis/codesign_matrix/matrix23_phase2_mainline_smoke/traffic_baseline_ablation.json,,,,,,,,,,,,,,,,,,,,,,,,,,,,,,,,,,,,,,,,,,,,,,,,,,,,,,,,,,,,,,,,,,,,,,,,,,,,,,,,,,,,,,,,,,,,,,,,,,,,,,,,,,,,,,,,,,,,,,,,,,,,,,,,,,,,,,,,,,,,,,,,,,,,,,,,,,,,,,,,,,,,,,,,,,,,,,,,,,,,,,,,,,,,,,,,,,,,,home_access_class,remote_home_total_demands,0,0,0,,,,,,,,,,,,,,,,,,,,,,,,,,,,,,,,,,,,,,
traffic_mem_mechanism,,,,,,,,,,,,,,,,,,,,,,,,,,,,,,,,,,,,,,,,,,,,,,,,,,,,,,,,,,,,,,,,,,,,,,,,,,,,,,,,,,,,,,,,,,,,,,,,,,,,,,,,,,,,,,,,,,,,,,,,,,,,,,,,,,,,,,,,,,,,,,,,,,,,,,,,,,,,,,,,,,,,,,traffic_mem_monolithic_vs_hbm,full_3d,full_3d_monolithic_proxy,,,,,,,,,,,,,,,,,,,,,,,,,,,,,,,,,,,,,,,,,,,,metadata_lookup,metadata_lookup,,,matrix23_phase2_mainline_traffic,/home/xgy/remote/snn3dexp/analysis/codesign_matrix/matrix23_phase2_mainline_smoke/traffic_baseline_ablation.json,,,,,,,,,,,,,,,,,,,,,,,,,,,,,,,,,,,,,,,,,,,,,,,,,,,,,,,,,,,,,,,,,,,,,,,,,,,,,,,,,,,,,,,,,,,,,,,,,,,,,,,,,,,,,,,,,,,,,,,,,,,,,,,,,,,,,,,,,,,,,,,,,,,,,,,,,,,,,,,,,,,,,,,,,,,,,,,,,,,,,,,,,,,,,,,,,,,,,home_pressure,tier_local_home_service_deficit_attribution,0.0,0.0,0.0,,,,,,,,,,,,,,,,,,,,,,,,,,,,,,,,,,,,,,
traffic_mem_mechanism,,,,,,,,,,,,,,,,,,,,,,,,,,,,,,,,,,,,,,,,,,,,,,,,,,,,,,,,,,,,,,,,,,,,,,,,,,,,,,,,,,,,,,,,,,,,,,,,,,,,,,,,,,,,,,,,,,,,,,,,,,,,,,,,,,,,,,,,,,,,,,,,,,,,,,,,,,,,,,,,,,,,,,traffic_mem_monolithic_vs_hbm,full_3d,full_3d_monolithic_proxy,,,,,,,,,,,,,,,,,,,,,,,,,,,,,,,,,,,,,,,,,,,,metadata_lookup,metadata_lookup,,,matrix23_phase2_mainline_traffic,/home/xgy/remote/snn3dexp/analysis/codesign_matrix/matrix23_phase2_mainline_smoke/traffic_baseline_ablation.json,,,,,,,,,,,,,,,,,,,,,,,,,,,,,,,,,,,,,,,,,,,,,,,,,,,,,,,,,,,,,,,,,,,,,,,,,,,,,,,,,,,,,,,,,,,,,,,,,,,,,,,,,,,,,,,,,,,,,,,,,,,,,,,,,,,,,,,,,,,,,,,,,,,,,,,,,,,,,,,,,,,,,,,,,,,,,,,,,,,,,,,,,,,,,,,,,,,,,home_pressure,same_xy_cross_tier_service_deficit_attribution,0.0,0.0,0.0,,,,,,,,,,,,,,,,,,,,,,,,,,,,,,,,,,,,,,
traffic_mem_mechanism,,,,,,,,,,,,,,,,,,,,,,,,,,,,,,,,,,,,,,,,,,,,,,,,,,,,,,,,,,,,,,,,,,,,,,,,,,,,,,,,,,,,,,,,,,,,,,,,,,,,,,,,,,,,,,,,,,,,,,,,,,,,,,,,,,,,,,,,,,,,,,,,,,,,,,,,,,,,,,,,,,,,,,traffic_mem_monolithic_vs_hbm,full_3d,full_3d_monolithic_proxy,,,,,,,,,,,,,,,,,,,,,,,,,,,,,,,,,,,,,,,,,,,,metadata_lookup,metadata_lookup,,,matrix23_phase2_mainline_traffic,/home/xgy/remote/snn3dexp/analysis/codesign_matrix/matrix23_phase2_mainline_smoke/traffic_baseline_ablation.json,,,,,,,,,,,,,,,,,,,,,,,,,,,,,,,,,,,,,,,,,,,,,,,,,,,,,,,,,,,,,,,,,,,,,,,,,,,,,,,,,,,,,,,,,,,,,,,,,,,,,,,,,,,,,,,,,,,,,,,,,,,,,,,,,,,,,,,,,,,,,,,,,,,,,,,,,,,,,,,,,,,,,,,,,,,,,,,,,,,,,,,,,,,,,,,,,,,,,home_pressure,remote_home_service_deficit_attribution,0.0,0.0,0.0,,,,,,,,,,,,,,,,,,,,,,,,,,,,,,,,,,,,,,
traffic_mem_mechanism,,,,,,,,,,,,,,,,,,,,,,,,,,,,,,,,,,,,,,,,,,,,,,,,,,,,,,,,,,,,,,,,,,,,,,,,,,,,,,,,,,,,,,,,,,,,,,,,,,,,,,,,,,,,,,,,,,,,,,,,,,,,,,,,,,,,,,,,,,,,,,,,,,,,,,,,,,,,,,,,,,,,,,traffic_mem_monolithic_vs_hbm,full_3d,full_3d_monolithic_proxy,,,,,,,,,,,,,,,,,,,,,,,,,,,,,,,,,,,,,,,,,,,,metadata_lookup,metadata_lookup,,,matrix23_phase2_mainline_traffic,/home/xgy/remote/snn3dexp/analysis/codesign_matrix/matrix23_phase2_mainline_smoke/traffic_baseline_ablation.json,,,,,,,,,,,,,,,,,,,,,,,,,,,,,,,,,,,,,,,,,,,,,,,,,,,,,,,,,,,,,,,,,,,,,,,,,,,,,,,,,,,,,,,,,,,,,,,,,,,,,,,,,,,,,,,,,,,,,,,,,,,,,,,,,,,,,,,,,,,,,,,,,,,,,,,,,,,,,,,,,,,,,,,,,,,,,,,,,,,,,,,,,,,,,,,,,,,,,home_pressure,attributed_service_deficit_total,0.0,0.0,0.0,,,,,,,,,,,,,,,,,,,,,,,,,,,,,,,,,,,,,,
traffic_mem_mechanism,,,,,,,,,,,,,,,,,,,,,,,,,,,,,,,,,,,,,,,,,,,,,,,,,,,,,,,,,,,,,,,,,,,,,,,,,,,,,,,,,,,,,,,,,,,,,,,,,,,,,,,,,,,,,,,,,,,,,,,,,,,,,,,,,,,,,,,,,,,,,,,,,,,,,,,,,,,,,,,,,,,,,,traffic_mem_monolithic_vs_hbm,full_3d,full_3d_monolithic_proxy,,,,,,,,,,,,,,,,,,,,,,,,,,,,,,,,,,,,,,,,,,,,metadata_lookup,metadata_lookup,,,matrix23_phase2_mainline_traffic,/home/xgy/remote/snn3dexp/analysis/codesign_matrix/matrix23_phase2_mainline_smoke/traffic_baseline_ablation.json,,,,,,,,,,,,,,,,,,,,,,,,,,,,,,,,,,,,,,,,,,,,,,,,,,,,,,,,,,,,,,,,,,,,,,,,,,,,,,,,,,,,,,,,,,,,,,,,,,,,,,,,,,,,,,,,,,,,,,,,,,,,,,,,,,,,,,,,,,,,,,,,,,,,,,,,,,,,,,,,,,,,,,,,,,,,,,,,,,,,,,,,,,,,,,,,,,,,,stack_pressure,active_stack_utilization,0.0,0.0,0.0,,,,,,,,,,,,,,,,,,,,,,,,,,,,,,,,,,,,,,
traffic_mem_mechanism,,,,,,,,,,,,,,,,,,,,,,,,,,,,,,,,,,,,,,,,,,,,,,,,,,,,,,,,,,,,,,,,,,,,,,,,,,,,,,,,,,,,,,,,,,,,,,,,,,,,,,,,,,,,,,,,,,,,,,,,,,,,,,,,,,,,,,,,,,,,,,,,,,,,,,,,,,,,,,,,,,,,,,traffic_mem_monolithic_vs_hbm,full_3d,full_3d_monolithic_proxy,,,,,,,,,,,,,,,,,,,,,,,,,,,,,,,,,,,,,,,,,,,,metadata_lookup,metadata_lookup,,,matrix23_phase2_mainline_traffic,/home/xgy/remote/snn3dexp/analysis/codesign_matrix/matrix23_phase2_mainline_smoke/traffic_baseline_ablation.json,,,,,,,,,,,,,,,,,,,,,,,,,,,,,,,,,,,,,,,,,,,,,,,,,,,,,,,,,,,,,,,,,,,,,,,,,,,,,,,,,,,,,,,,,,,,,,,,,,,,,,,,,,,,,,,,,,,,,,,,,,,,,,,,,,,,,,,,,,,,,,,,,,,,,,,,,,,,,,,,,,,,,,,,,,,,,,,,,,,,,,,,,,,,,,,,,,,,,stack_pressure,most_pressured_stack_service_deficit,0,0,0,,,,,,,,,,,,,,,,,,,,,,,,,,,,,,,,,,,,,,
traffic_mem_mechanism,,,,,,,,,,,,,,,,,,,,,,,,,,,,,,,,,,,,,,,,,,,,,,,,,,,,,,,,,,,,,,,,,,,,,,,,,,,,,,,,,,,,,,,,,,,,,,,,,,,,,,,,,,,,,,,,,,,,,,,,,,,,,,,,,,,,,,,,,,,,,,,,,,,,,,,,,,,,,,,,,,,,,,traffic_mem_monolithic_vs_hbm,full_3d,full_3d_monolithic_proxy,,,,,,,,,,,,,,,,,,,,,,,,,,,,,,,,,,,,,,,,,,,,metadata_lookup,metadata_lookup,,,matrix23_phase2_mainline_traffic,/home/xgy/remote/snn3dexp/analysis/codesign_matrix/matrix23_phase2_mainline_smoke/traffic_baseline_ablation.json,,,,,,,,,,,,,,,,,,,,,,,,,,,,,,,,,,,,,,,,,,,,,,,,,,,,,,,,,,,,,,,,,,,,,,,,,,,,,,,,,,,,,,,,,,,,,,,,,,,,,,,,,,,,,,,,,,,,,,,,,,,,,,,,,,,,,,,,,,,,,,,,,,,,,,,,,,,,,,,,,,,,,,,,,,,,,,,,,,,,,,,,,,,,,,,,,,,,,stack_pressure,most_pressured_controller_service_deficit_proxy,0.0,0.0,0.0,,,,,,,,,,,,,,,,,,,,,,,,,,,,,,,,,,,,,,
traffic_mem_mechanism,,,,,,,,,,,,,,,,,,,,,,,,,,,,,,,,,,,,,,,,,,,,,,,,,,,,,,,,,,,,,,,,,,,,,,,,,,,,,,,,,,,,,,,,,,,,,,,,,,,,,,,,,,,,,,,,,,,,,,,,,,,,,,,,,,,,,,,,,,,,,,,,,,,,,,,,,,,,,,,,,,,,,,traffic_mem_monolithic_vs_hbm,full_3d,full_3d_monolithic_proxy,,,,,,,,,,,,,,,,,,,,,,,,,,,,,,,,,,,,,,,,,,,,metadata_lookup,metadata_lookup,,,matrix23_phase2_mainline_traffic,/home/xgy/remote/snn3dexp/analysis/codesign_matrix/matrix23_phase2_mainline_smoke/traffic_baseline_ablation.json,,,,,,,,,,,,,,,,,,,,,,,,,,,,,,,,,,,,,,,,,,,,,,,,,,,,,,,,,,,,,,,,,,,,,,,,,,,,,,,,,,,,,,,,,,,,,,,,,,,,,,,,,,,,,,,,,,,,,,,,,,,,,,,,,,,,,,,,,,,,,,,,,,,,,,,,,,,,,,,,,,,,,,,,,,,,,,,,,,,,,,,,,,,,,,,,,,,,,stack_pressure,stack_memory_request_skew,0.0,0.0,0.0,,,,,,,,,,,,,,,,,,,,,,,,,,,,,,,,,,,,,,
traffic_mem_mechanism,,,,,,,,,,,,,,,,,,,,,,,,,,,,,,,,,,,,,,,,,,,,,,,,,,,,,,,,,,,,,,,,,,,,,,,,,,,,,,,,,,,,,,,,,,,,,,,,,,,,,,,,,,,,,,,,,,,,,,,,,,,,,,,,,,,,,,,,,,,,,,,,,,,,,,,,,,,,,,,,,,,,,,traffic_mem_monolithic_vs_hbm,full_3d,full_3d_monolithic_proxy,,,,,,,,,,,,,,,,,,,,,,,,,,,,,,,,,,,,,,,,,,,,metadata_lookup,metadata_lookup,,,matrix23_phase2_mainline_traffic,/home/xgy/remote/snn3dexp/analysis/codesign_matrix/matrix23_phase2_mainline_smoke/traffic_baseline_ablation.json,,,,,,,,,,,,,,,,,,,,,,,,,,,,,,,,,,,,,,,,,,,,,,,,,,,,,,,,,,,,,,,,,,,,,,,,,,,,,,,,,,,,,,,,,,,,,,,,,,,,,,,,,,,,,,,,,,,,,,,,,,,,,,,,,,,,,,,,,,,,,,,,,,,,,,,,,,,,,,,,,,,,,,,,,,,,,,,,,,,,,,,,,,,,,,,,,,,,,stack_pressure,stack_service_deficit_skew,0.0,0.0,0.0,,,,,,,,,,,,,,,,,,,,,,,,,,,,,,,,,,,,,,
traffic_mem_mechanism,,,,,,,,,,,,,,,,,,,,,,,,,,,,,,,,,,,,,,,,,,,,,,,,,,,,,,,,,,,,,,,,,,,,,,,,,,,,,,,,,,,,,,,,,,,,,,,,,,,,,,,,,,,,,,,,,,,,,,,,,,,,,,,,,,,,,,,,,,,,,,,,,,,,,,,,,,,,,,,,,,,,,,traffic_mem_monolithic_vs_hbm,full_3d,full_3d_monolithic_proxy,,,,,,,,,,,,,,,,,,,,,,,,,,,,,,,,,,,,,,,,,,,,metadata_lookup,metadata_lookup,,,matrix23_phase2_mainline_traffic,/home/xgy/remote/snn3dexp/analysis/codesign_matrix/matrix23_phase2_mainline_smoke/traffic_baseline_ablation.json,,,,,,,,,,,,,,,,,,,,,,,,,,,,,,,,,,,,,,,,,,,,,,,,,,,,,,,,,,,,,,,,,,,,,,,,,,,,,,,,,,,,,,,,,,,,,,,,,,,,,,,,,,,,,,,,,,,,,,,,,,,,,,,,,,,,,,,,,,,,,,,,,,,,,,,,,,,,,,,,,,,,,,,,,,,,,,,,,,,,,,,,,,,,,,,,,,,,,thermal,vertical_link_pressure,0.0,0.15,0.15,,,,,,,,,,,,,,,,,,,,,,,,,,,,,,,,,,,,,,
traffic_mem_mechanism,,,,,,,,,,,,,,,,,,,,,,,,,,,,,,,,,,,,,,,,,,,,,,,,,,,,,,,,,,,,,,,,,,,,,,,,,,,,,,,,,,,,,,,,,,,,,,,,,,,,,,,,,,,,,,,,,,,,,,,,,,,,,,,,,,,,,,,,,,,,,,,,,,,,,,,,,,,,,,,,,,,,,,traffic_mem_monolithic_vs_hbm,full_3d,full_3d_monolithic_proxy,,,,,,,,,,,,,,,,,,,,,,,,,,,,,,,,,,,,,,,,,,,,metadata_lookup,metadata_lookup,,,matrix23_phase2_mainline_traffic,/home/xgy/remote/snn3dexp/analysis/codesign_matrix/matrix23_phase2_mainline_smoke/traffic_baseline_ablation.json,,,,,,,,,,,,,,,,,,,,,,,,,,,,,,,,,,,,,,,,,,,,,,,,,,,,,,,,,,,,,,,,,,,,,,,,,,,,,,,,,,,,,,,,,,,,,,,,,,,,,,,,,,,,,,,,,,,,,,,,,,,,,,,,,,,,,,,,,,,,,,,,,,,,,,,,,,,,,,,,,,,,,,,,,,,,,,,,,,,,,,,,,,,,,,,,,,,,,reliability,reliability_penalty,0.253125,0.5638392857142858,0.3107142857142858,2.227513227513228,1.227513227513228,,,,,,,,,,,,,,,,,,,,,,,,,,,,,,,,,,,,
traffic_mem_mechanism,,,,,,,,,,,,,,,,,,,,,,,,,,,,,,,,,,,,,,,,,,,,,,,,,,,,,,,,,,,,,,,,,,,,,,,,,,,,,,,,,,,,,,,,,,,,,,,,,,,,,,,,,,,,,,,,,,,,,,,,,,,,,,,,,,,,,,,,,,,,,,,,,,,,,,,,,,,,,,,,,,,,,,traffic_mem_monolithic_vs_hbm,full_3d,full_3d_monolithic_proxy,,,,,,,,,,,,,,,,,,,,,,,,,,,,,,,,,,,,,,,,,,,,metadata_lookup,metadata_lookup,,,matrix23_phase2_mainline_traffic,/home/xgy/remote/snn3dexp/analysis/codesign_matrix/matrix23_phase2_mainline_smoke/traffic_baseline_ablation.json,,,,,,,,,,,,,,,,,,,,,,,,,,,,,,,,,,,,,,,,,,,,,,,,,,,,,,,,,,,,,,,,,,,,,,,,,,,,,,,,,,,,,,,,,,,,,,,,,,,,,,,,,,,,,,,,,,,,,,,,,,,,,,,,,,,,,,,,,,,,,,,,,,,,,,,,,,,,,,,,,,,,,,,,,,,,,,,,,,,,,,,,,,,,,,,,,,,,,runtime,memory_requests_per_completed_step,0.0,0.0,0.0,,,,,,,,,,,,,,,,,,,,,,,,,,,,,,,,,,,,,,
traffic_mem_mechanism,,,,,,,,,,,,,,,,,,,,,,,,,,,,,,,,,,,,,,,,,,,,,,,,,,,,,,,,,,,,,,,,,,,,,,,,,,,,,,,,,,,,,,,,,,,,,,,,,,,,,,,,,,,,,,,,,,,,,,,,,,,,,,,,,,,,,,,,,,,,,,,,,,,,,,,,,,,,,,,,,,,,,,traffic_mem_monolithic_vs_hbm,full_3d,full_3d_monolithic_proxy,,,,,,,,,,,,,,,,,,,,,,,,,,,,,,,,,,,,,,,,,,,,metadata_lookup,metadata_lookup,,,matrix23_phase2_mainline_traffic,/home/xgy/remote/snn3dexp/analysis/codesign_matrix/matrix23_phase2_mainline_smoke/traffic_baseline_ablation.json,,,,,,,,,,,,,,,,,,,,,,,,,,,,,,,,,,,,,,,,,,,,,,,,,,,,,,,,,,,,,,,,,,,,,,,,,,,,,,,,,,,,,,,,,,,,,,,,,,,,,,,,,,,,,,,,,,,,,,,,,,,,,,,,,,,,,,,,,,,,,,,,,,,,,,,,,,,,,,,,,,,,,,,,,,,,,,,,,,,,,,,,,,,,,,,,,,,,,runtime,total_service_deficit_per_completed_step,0.0,0.0,0.0,,,,,,,,,,,,,,,,,,,,,,,,,,,,,,,,,,,,,,
traffic_mem_mechanism,,,,,,,,,,,,,,,,,,,,,,,,,,,,,,,,,,,,,,,,,,,,,,,,,,,,,,,,,,,,,,,,,,,,,,,,,,,,,,,,,,,,,,,,,,,,,,,,,,,,,,,,,,,,,,,,,,,,,,,,,,,,,,,,,,,,,,,,,,,,,,,,,,,,,,,,,,,,,,,,,,,,,,traffic_mem_monolithic_vs_hbm,full_3d,full_3d_monolithic_proxy,,,,,,,,,,,,,,,,,,,,,,,,,,,,,,,,,,,,,,,,,,,,metadata_lookup,metadata_lookup,,,matrix23_phase2_mainline_traffic,/home/xgy/remote/snn3dexp/analysis/codesign_matrix/matrix23_phase2_mainline_smoke/traffic_baseline_ablation.json,,,,,,,,,,,,,,,,,,,,,,,,,,,,,,,,,,,,,,,,,,,,,,,,,,,,,,,,,,,,,,,,,,,,,,,,,,,,,,,,,,,,,,,,,,,,,,,,,,,,,,,,,,,,,,,,,,,,,,,,,,,,,,,,,,,,,,,,,,,,,,,,,,,,,,,,,,,,,,,,,,,,,,,,,,,,,,,,,,,,,,,,,,,,,,,,,,,,,runtime,stall_on_step_gate_cycles_per_completed_step,0.0,0.0,0.0,,,,,,,,,,,,,,,,,,,,,,,,,,,,,,,,,,,,,,
window_baseline,snn_window,full_3d_snn_window,direct_v4_hbm,matrix23_phase2_fixed_step_4_10us,10us,hbm_like,hbm_like,memHierarchy_shared_stack,,,,,,,,0,0,0.0,0,0.0,0,0,0,,,,,,0,0,0,0,0,,,,,,,metadata_lookup,,,,,,,,-1,,,,,,,,,,,,,,,,,,0,0.0,False,stack_proxy,0,-1,-1,0,0,0,0,,,0,True,False,False,True,False,snn_windowed,metadata_lookup,synthetic_or_unknown,0,False,False,,0,"0,1,2,3",4,0.25,"12,13,14,15",4,0.2857142857142857,"12,13,14,15",4,0.6666666666666666,False,pe_nic_to_home_stack,metadata_lookup,0,0,metadata_lookup,0,0,synapse_gather,unevaluable,,-1,0.0,0.0,,0,False,-1,0.0,0.0,,0,False,False,0,0,0,0.0,False,0,0,0,0.0,False,,0,0,0,0.0,metadata_lookup,False,,0,0,0,0.0,synapse_gather,False,-1,False,-1,False,-1,,False,,:metadata_lookup,False,-1,False,-1,False,-1,unevaluable,,,,,,,,,,,,,,,,,,,,,,,,,,,,,,,,,,,,,,,,,,,,,,,,,,,,,,,,,,,,,,,,,,,,,,,,,,,,,,,,,,,,,,,,,,,,,,,,,,,,,,,,,,,,,,,,,,,,,,,,,,,,,,,,,,,,,,,,,,,,,,,,,,,,,,,,,,,,,,,,,,,,,,,,,,,,,,,,,,,,,,,,,,,,,,,,,,,,,,,,,,,,,,,,,,,,,,,,,,,,,,,,,,,,,,,,,,,,,,,,,,,,,,,,,,,,,,,,4,default,0,8,4,"{'case_id': 'full_3d_snn_window', 'case_label': 'direct_v4_hbm', 'run_tag': 'matrix23_phase2_fixed_step_4_10us', 'case_role': 'fixed_step_window', 'control_mode': 'fixed_step_budget', 'runtime_enabled': False, 'workload_impl': 'snn', 'memory_kind': 'hbm_like', 'memory_model_family': 'hbm_like', 'memory_graph_type': 'memHierarchy_shared_stack', 'step_budget': 4, 'stop_at': '10us', 'spike_budget_label': 'default'}",,,,,,,,,,,,,,,,,,,,,,,,,,,,,,
window_baseline,snn_window,full_3d_snn_window_monolithic_proxy,direct_v4_monolithic,matrix23_phase2_fixed_step_4_10us,10us,monolithic_like,monolithic_like,memHierarchy_tier_local_stack,,,,,,,,0,0,0.0,0,0.0,0,0,0,,,,,,0,0,0,0,0,,,,,,,metadata_lookup,,,,,,,,-1,,,,,,,,,,,,,,,,,,0,0.0,False,stack_proxy,0,-1,-1,0,0,0,0,,,0,True,False,False,True,False,snn_windowed,metadata_lookup,synthetic_or_unknown,0,False,False,,0,"0,1",2,0.25,"8,9",2,0.25,"6,7",2,0.25,False,pe_nic_to_home_stack,metadata_lookup,0,0,metadata_lookup,0,0,synapse_gather,unevaluable,,-1,0.0,0.0,,0,False,-1,0.0,0.0,,0,False,False,0,0,0,0.0,False,0,0,0,0.0,False,,0,0,0,0.0,metadata_lookup,False,,0,0,0,0.0,synapse_gather,False,-1,False,-1,False,-1,,False,,:metadata_lookup,False,-1,False,-1,False,-1,unevaluable,,,,,,,,,,,,,,,,,,,,,,,,,,,,,,,,,,,,,,,,,,,,,,,,,,,,,,,,,,,,,,,,,,,,,,,,,,,,,,,,,,,,,,,,,,,,,,,,,,,,,,,,,,,,,,,,,,,,,,,,,,,,,,,,,,,,,,,,,,,,,,,,,,,,,,,,,,,,,,,,,,,,,,,,,,,,,,,,,,,,,,,,,,,,,,,,,,,,,,,,,,,,,,,,,,,,,,,,,,,,,,,,,,,,,,,,,,,,,,,,,,,,,,,,,,,,,,,,4,default,0,8,4,"{'case_id': 'full_3d_snn_window_monolithic_proxy', 'case_label': 'direct_v4_monolithic', 'run_tag': 'matrix23_phase2_fixed_step_4_10us', 'case_role': 'fixed_step_window', 'control_mode': 'fixed_step_budget', 'runtime_enabled': False, 'workload_impl': 'snn', 'memory_kind': 'monolithic_like', 'memory_model_family': 'monolithic_like', 'memory_graph_type': 'memHierarchy_tier_local_stack', 'step_budget': 4, 'stop_at': '10us', 'spike_budget_label': 'default'}",,,,,,,,,,,,,,,,,,,,,,,,,,,,,,
window_baseline,snn_window,full_3d_snn_window_bundle_v3,bundle_v3_hbm,matrix23_phase2_fixed_step_4_10us,10us,hbm_like,hbm_like,memHierarchy_shared_stack,,,,,,,,0,0,0.0,0,0.0,0,0,0,,,,,,0,0,0,0,0,,,,,,,metadata_lookup,,,,,,,,-1,,,,,,,,,,,,,,,,,,0,0.0,False,stack_proxy,0,-1,-1,0,0,0,0,,,0,True,False,False,True,False,snn_windowed,metadata_lookup,synthetic_or_unknown,0,False,False,,0,"0,1,2,3",4,0.25,"12,13,14,15",4,0.2857142857142857,"12,13,14,15",4,0.6666666666666666,False,pe_nic_to_home_stack,metadata_lookup,0,0,metadata_lookup,0,0,synapse_gather,unevaluable,,-1,0.0,0.0,,0,False,-1,0.0,0.0,,0,False,False,0,0,0,0.0,False,0,0,0,0.0,False,,0,0,0,0.0,metadata_lookup,False,,0,0,0,0.0,synapse_gather,False,-1,False,-1,False,-1,,False,,:metadata_lookup,False,-1,False,-1,False,-1,unevaluable,,,,,,,,,,,,,,,,,,,,,,,,,,,,,,,,,,,,,,,,,,,,,,,,,,,,,,,,,,,,,,,,,,,,,,,,,,,,,,,,,,,,,,,,,,,,,,,,,,,,,,,,,,,,,,,,,,,,,,,,,,,,,,,,,,,,,,,,,,,,,,,,,,,,,,,,,,,,,,,,,,,,,,,,,,,,,,,,,,,,,,,,,,,,,,,,,,,,,,,,,,,,,,,,,,,,,,,,,,,,,,,,,,,,,,,,,,,,,,,,,,,,,,,,,,,,,,,,4,default,0,8,4,"{'case_id': 'full_3d_snn_window_bundle_v3', 'case_label': 'bundle_v3_hbm', 'run_tag': 'matrix23_phase2_fixed_step_4_10us', 'case_role': 'fixed_step_window', 'control_mode': 'fixed_step_budget', 'runtime_enabled': False, 'workload_impl': 'snn', 'memory_kind': 'hbm_like', 'memory_model_family': 'hbm_like', 'memory_graph_type': 'memHierarchy_shared_stack', 'step_budget': 4, 'stop_at': '10us', 'spike_budget_label': 'default'}",,,,,,,,,,,,,,,,,,,,,,,,,,,,,,
window_bundle_breakdown,snn_window,,,matrix23_phase2_fixed_step_4_10us,10us,,,,,,,,,,,,,,,,,,,,,,,,,,,,,,,,,,,,,,,,,,,,,,,,,,,,,,,,,,,,,,,,,,,,,,,,,,,,,,,,,,,,,,,,,,,,,,,,,,,,,,,,,,,,,,,,,,,,,,,,,,,,,,,,,,,,,,,,,,,,,,,,,,,,,,,,,,,,,,,,,,full_3d_snn_window,full_3d_snn_window_bundle_v3,0,,,,,0,0,0,0,,,,,,,,,,,,,,,,,,,,,,,,,,,,,,,,,,,,,,,,,,,-1,-1,False,False,-1,-1,0,False,False,-1,-1,0,False,False,-1,-1,0,False,False,,,0,,,:metadata_lookup,:metadata_lookup,synthetic_or_unknown,synthetic_or_unknown,0,0,0,False,False,unevaluable,unevaluable,False,False,pe_nic_to_home_stack,pe_nic_to_home_stack,False,metadata_lookup,metadata_lookup,False,unevaluable,unevaluable,False,,,False,-2,-2,0,stable,0,0,0,,,0,0,0,,,0,0,0,,,0,0,0,,,-1,-1,False,,,False,False,False,0,0.0,0.0,0.0,0.0,0.0,0.0,False,False,0,0,0,0,0,0,0,0,0,0,0.0,0.0,0.0,False,False,0,,,False,metadata_lookup,metadata_lookup,False,0,0,0,0,0,0,0,0,0,0.0,0.0,0.0,-1,-1,False,,,False,False,False,0,0.0,0.0,0.0,0.0,0.0,0.0,False,False,0,0,0,0,0,0,0,0,0,0,0.0,0.0,0.0,False,False,0,,,False,synapse_gather,synapse_gather,False,0,0,0,0,0,0,0,0,0,0.0,0.0,0.0,,,,,,,,,,,,,,,,,,,,,,,,,,,4,default,,,,,8,8,,,0.0,,,0,,,0.0,,,0,,,0,,,0,,,,,,,,,,
window_memory_model_breakdown,snn_window,,,,10us,,,,,,,,,,,,,,,,,,,,,,,,,,,,,,,,,,,,,,,,,,,,,,,,,,,,,,,,,,,,,,,,,,,,,,,,,,,,,,,,,,,,,,,,,,,,,,,,,,,,,,,,,,,,,,,,,,,,,,,,,,,,,,,,,,,,,,,,,,,,,,,,,,,,,,,,,,,,,,,,,,full_3d_snn_window,full_3d_snn_window_monolithic_proxy,0,,,,,0,0,0,0,,,,,,,,,,,,,,,,,,,,,,,,,,,,,,,,,,,,,,,,,,,,,,,,,,,,,,,,,,,,,,,,,,,,,,,,,,,,,,,,,,,,,,,,,,,,,,,,,,,,,,,,,,,,,,,,,,,,,,,,,,,,,,,,,,,,,,,,,,,,,,,,,,,,,,,,,,,,,,,,,,,,,,,,,,,,,,,,,,,,,,,,,,,,,,,,,,,,,,,,,,,,,,,,,,,,,,,,,,,,,,,,,,,,,,,,,,,,,,,,,,,,4,default,,,,,8,8,,,0.0,,,0,,,0.0,,,0,,,0,,,0,,,,,,,,,,
