row_family,surface_label,surface_index,source_path,case_id,memory_kind,memory_model_family,memory_requests_total,real_home_traffic_signal_level,real_home_traffic_signal_rank,runtime_pressure_transfer_kind,runtime_alignment_evaluable,home_stack_controller_proxy_available,real_controller_pressure_available_from_summary,processing_runtime_mode,active_controller_count,most_pressured_runtime_controller_id,dominant_home_controller_ids,semantic_addressing_enabled,traffic_runtime_enabled,home_access_pressure_enabled,real_synapse_source_count,controller_explainable,explainability_level,explainability_level_rank,preserved_real_traffic_reasons,preserved_real_traffic_reason_count,reference_surface_label,compare_surface_label,signal_level_from,signal_level_to,transfer_kind_from,transfer_kind_to,explainability_level_from,explainability_level_to,explainability_level_rank_from,explainability_level_rank_to,explainability_rank_delta,controller_explainable_from,controller_explainable_to,explainability_transition,loss_reason_count,loss_reasons,reason_family,reason
surface_case,controller_runtime_refresh_20260322,0,/home/xgy/remote/snn3dexp/analysis/codesign_surface/controller_runtime_refresh_20260322_windowed_snapshot_real_home_flow/memory_nmc_codesign_surface_summary.json,full_3d,hbm_like,hbm_like,3068,runtime_controller,5,runtime_class_unresolved,True,True,True,traffic_semantic,16,4,"0,1,2,3",True,True,True,32,True,runtime_controller,5,"['real_synapse_sources_present', 'semantic_addressing_enabled', 'traffic_runtime_enabled', 'home_access_pressure_enabled']",4,,,,,,,,,,,,,,,,,,
surface_case,controller_runtime_refresh_20260322,0,/home/xgy/remote/snn3dexp/analysis/codesign_surface/controller_runtime_refresh_20260322_windowed_snapshot_real_home_flow/memory_nmc_codesign_surface_summary.json,full_3d_monolithic_proxy,monolithic_like,monolithic_like,6144,runtime_controller,5,cross_class_transfer,True,True,True,traffic_semantic,16,0,"8,9",True,True,True,32,True,runtime_controller,5,"['real_synapse_sources_present', 'semantic_addressing_enabled', 'traffic_runtime_enabled', 'home_access_pressure_enabled']",4,,,,,,,,,,,,,,,,,,
surface_case,controller_runtime_refresh_20260322,0,/home/xgy/remote/snn3dexp/analysis/codesign_surface/controller_runtime_refresh_20260322_windowed_snapshot_real_home_flow/memory_nmc_codesign_surface_summary.json,full_3d_tile_bundle_v3,hbm_like,hbm_like,3268,runtime_controller,5,runtime_class_unresolved,True,True,True,traffic_semantic,16,4,"12,13,14,15",True,True,True,32,True,runtime_controller,5,"['real_synapse_sources_present', 'semantic_addressing_enabled', 'traffic_runtime_enabled', 'home_access_pressure_enabled']",4,,,,,,,,,,,,,,,,,,
surface_case,codesign_single_20us_20260322,1,/home/xgy/remote/snn3dexp/analysis/codesign_surface/codesign_single_20us_20260322_same_tag_real_home_flow/memory_nmc_codesign_surface_summary.json,baseline_2d,legacy_per_pe,legacy_per_pe,0,synthetic_or_unknown,0,unevaluable,False,False,False,,0,-1,,False,False,False,0,False,synthetic_or_unknown,0,[],0,,,,,,,,,,,,,,,,,,
surface_case,codesign_single_20us_20260322,1,/home/xgy/remote/snn3dexp/analysis/codesign_surface/codesign_single_20us_20260322_same_tag_real_home_flow/memory_nmc_codesign_surface_summary.json,memory_only_3d,hbm_like,hbm_like,58560,home_pressure,3,unevaluable,False,False,False,traffic_semantic,0,-1,,True,True,True,32,False,home_pressure_only,3,"['real_synapse_sources_present', 'semantic_addressing_enabled', 'traffic_runtime_enabled', 'home_access_pressure_enabled']",4,,,,,,,,,,,,,,,,,,
surface_case,codesign_single_20us_20260322,1,/home/xgy/remote/snn3dexp/analysis/codesign_surface/codesign_single_20us_20260322_same_tag_real_home_flow/memory_nmc_codesign_surface_summary.json,noc_only_3d,legacy_per_pe,legacy_per_pe,0,synthetic_or_unknown,0,unevaluable,False,False,False,generic_processing,0,-1,,False,False,False,0,False,synthetic_or_unknown,0,[],0,,,,,,,,,,,,,,,,,,
surface_case,codesign_single_20us_20260322,1,/home/xgy/remote/snn3dexp/analysis/codesign_surface/codesign_single_20us_20260322_same_tag_real_home_flow/memory_nmc_codesign_surface_summary.json,full_3d,hbm_like,hbm_like,58560,home_pressure,3,unevaluable,False,False,False,traffic_semantic,0,-1,,True,True,True,32,False,home_pressure_only,3,"['real_synapse_sources_present', 'semantic_addressing_enabled', 'traffic_runtime_enabled', 'home_access_pressure_enabled']",4,,,,,,,,,,,,,,,,,,
surface_case,codesign_single_20us_20260322,1,/home/xgy/remote/snn3dexp/analysis/codesign_surface/codesign_single_20us_20260322_same_tag_real_home_flow/memory_nmc_codesign_surface_summary.json,full_3d_monolithic_proxy,monolithic_like,monolithic_like,159744,home_pressure,3,unevaluable,False,False,False,traffic_semantic,0,-1,,True,True,True,32,False,home_pressure_only,3,"['real_synapse_sources_present', 'semantic_addressing_enabled', 'traffic_runtime_enabled', 'home_access_pressure_enabled']",4,,,,,,,,,,,,,,,,,,
surface_case,codesign_single_20us_20260322,1,/home/xgy/remote/snn3dexp/analysis/codesign_surface/codesign_single_20us_20260322_same_tag_real_home_flow/memory_nmc_codesign_surface_summary.json,full_3d_mapping,hbm_like,hbm_like,58560,home_pressure,3,unevaluable,False,False,False,traffic_semantic,0,-1,,True,True,True,32,False,home_pressure_only,3,"['real_synapse_sources_present', 'semantic_addressing_enabled', 'traffic_runtime_enabled', 'home_access_pressure_enabled']",4,,,,,,,,,,,,,,,,,,
surface_case,codesign_single_20us_20260322,1,/home/xgy/remote/snn3dexp/analysis/codesign_surface/codesign_single_20us_20260322_same_tag_real_home_flow/memory_nmc_codesign_surface_summary.json,full_3d_thermal_guard,hbm_like,hbm_like,58560,home_pressure,3,unevaluable,False,False,False,traffic_semantic,0,-1,,True,True,True,32,False,home_pressure_only,3,"['real_synapse_sources_present', 'semantic_addressing_enabled', 'traffic_runtime_enabled', 'home_access_pressure_enabled']",4,,,,,,,,,,,,,,,,,,
surface_case,codesign_single_20us_20260322,1,/home/xgy/remote/snn3dexp/analysis/codesign_surface/codesign_single_20us_20260322_same_tag_real_home_flow/memory_nmc_codesign_surface_summary.json,full_3d_runtime_adaptive,hbm_like,hbm_like,58560,home_pressure,3,unevaluable,False,False,False,traffic_semantic,0,-1,,True,True,True,32,False,home_pressure_only,3,"['real_synapse_sources_present', 'semantic_addressing_enabled', 'traffic_runtime_enabled', 'home_access_pressure_enabled']",4,,,,,,,,,,,,,,,,,,
surface_case,codesign_single_20us_20260322,1,/home/xgy/remote/snn3dexp/analysis/codesign_surface/codesign_single_20us_20260322_same_tag_real_home_flow/memory_nmc_codesign_surface_summary.json,full_3d_tile_bundle_v3,hbm_like,hbm_like,58560,home_pressure,3,unevaluable,False,False,False,traffic_semantic,0,-1,,True,True,True,32,False,home_pressure_only,3,"['real_synapse_sources_present', 'semantic_addressing_enabled', 'traffic_runtime_enabled', 'home_access_pressure_enabled']",4,,,,,,,,,,,,,,,,,,
surface_case,codesign_single_20us_20260322,1,/home/xgy/remote/snn3dexp/analysis/codesign_surface/codesign_single_20us_20260322_same_tag_real_home_flow/memory_nmc_codesign_surface_summary.json,noc_only_3d_bundle_fault_v3,legacy_per_pe,legacy_per_pe,0,synthetic_or_unknown,0,unevaluable,False,False,False,generic_processing,0,-1,,False,False,False,0,False,synthetic_or_unknown,0,[],0,,,,,,,,,,,,,,,,,,
surface_case,perf_20us,2,/home/xgy/remote/snn3dexp/analysis/codesign_surface/perf_20us_route_nmc_compare_real_home_flow/memory_nmc_codesign_surface_summary.json,full_3d,hbm_like,hbm_like,58560,home_pressure,3,unevaluable,False,False,False,,0,-1,,True,True,True,32,False,home_pressure_only,3,"['real_synapse_sources_present', 'semantic_addressing_enabled', 'traffic_runtime_enabled', 'home_access_pressure_enabled']",4,,,,,,,,,,,,,,,,,,
surface_case,perf_20us,2,/home/xgy/remote/snn3dexp/analysis/codesign_surface/perf_20us_route_nmc_compare_real_home_flow/memory_nmc_codesign_surface_summary.json,full_3d_monolithic_proxy,monolithic_like,monolithic_like,159744,home_pressure,3,unevaluable,False,False,False,,0,-1,,True,True,True,32,False,home_pressure_only,3,"['real_synapse_sources_present', 'semantic_addressing_enabled', 'traffic_runtime_enabled', 'home_access_pressure_enabled']",4,,,,,,,,,,,,,,,,,,
surface_case,perf_20us,2,/home/xgy/remote/snn3dexp/analysis/codesign_surface/perf_20us_route_nmc_compare_real_home_flow/memory_nmc_codesign_surface_summary.json,full_3d_tile_bundle_v3,hbm_like,hbm_like,58560,home_pressure,3,unevaluable,False,False,False,,0,-1,,True,True,True,32,False,home_pressure_only,3,"['real_synapse_sources_present', 'semantic_addressing_enabled', 'traffic_runtime_enabled', 'home_access_pressure_enabled']",4,,,,,,,,,,,,,,,,,,
case_transition,,,,full_3d,,,,,,,,,,,,,,,,,,,,,"['real_synapse_sources_present', 'semantic_addressing_enabled', 'traffic_runtime_enabled', 'home_access_pressure_enabled']",4,controller_runtime_refresh_20260322,codesign_single_20us_20260322,runtime_controller,home_pressure,runtime_class_unresolved,unevaluable,runtime_controller,home_pressure_only,5,3,-2,True,False,controller_explainability_lost,5,"['controller_proxy_missing', 'controller_runtime_summary_missing', 'runtime_alignment_lost', 'controller_identity_missing', 'dominant_home_controller_ids_missing']",,
case_transition,,,,full_3d_monolithic_proxy,,,,,,,,,,,,,,,,,,,,,"['real_synapse_sources_present', 'semantic_addressing_enabled', 'traffic_runtime_enabled', 'home_access_pressure_enabled']",4,controller_runtime_refresh_20260322,codesign_single_20us_20260322,runtime_controller,home_pressure,cross_class_transfer,unevaluable,runtime_controller,home_pressure_only,5,3,-2,True,False,controller_explainability_lost,5,"['controller_proxy_missing', 'controller_runtime_summary_missing', 'runtime_alignment_lost', 'controller_identity_missing', 'dominant_home_controller_ids_missing']",,
case_transition,,,,full_3d_tile_bundle_v3,,,,,,,,,,,,,,,,,,,,,"['real_synapse_sources_present', 'semantic_addressing_enabled', 'traffic_runtime_enabled', 'home_access_pressure_enabled']",4,controller_runtime_refresh_20260322,codesign_single_20us_20260322,runtime_controller,home_pressure,runtime_class_unresolved,unevaluable,runtime_controller,home_pressure_only,5,3,-2,True,False,controller_explainability_lost,5,"['controller_proxy_missing', 'controller_runtime_summary_missing', 'runtime_alignment_lost', 'controller_identity_missing', 'dominant_home_controller_ids_missing']",,
case_transition,,,,full_3d,,,,,,,,,,,,,,,,,,,,,"['real_synapse_sources_present', 'semantic_addressing_enabled', 'traffic_runtime_enabled', 'home_access_pressure_enabled']",4,controller_runtime_refresh_20260322,perf_20us,runtime_controller,home_pressure,runtime_class_unresolved,unevaluable,runtime_controller,home_pressure_only,5,3,-2,True,False,controller_explainability_lost,6,"['controller_proxy_missing', 'controller_runtime_summary_missing', 'runtime_alignment_lost', 'controller_identity_missing', 'dominant_home_controller_ids_missing', 'runtime_mode_missing']",,
case_transition,,,,full_3d_monolithic_proxy,,,,,,,,,,,,,,,,,,,,,"['real_synapse_sources_present', 'semantic_addressing_enabled', 'traffic_runtime_enabled', 'home_access_pressure_enabled']",4,controller_runtime_refresh_20260322,perf_20us,runtime_controller,home_pressure,cross_class_transfer,unevaluable,runtime_controller,home_pressure_only,5,3,-2,True,False,controller_explainability_lost,6,"['controller_proxy_missing', 'controller_runtime_summary_missing', 'runtime_alignment_lost', 'controller_identity_missing', 'dominant_home_controller_ids_missing', 'runtime_mode_missing']",,
case_transition,,,,full_3d_tile_bundle_v3,,,,,,,,,,,,,,,,,,,,,"['real_synapse_sources_present', 'semantic_addressing_enabled', 'traffic_runtime_enabled', 'home_access_pressure_enabled']",4,controller_runtime_refresh_20260322,perf_20us,runtime_controller,home_pressure,runtime_class_unresolved,unevaluable,runtime_controller,home_pressure_only,5,3,-2,True,False,controller_explainability_lost,6,"['controller_proxy_missing', 'controller_runtime_summary_missing', 'runtime_alignment_lost', 'controller_identity_missing', 'dominant_home_controller_ids_missing', 'runtime_mode_missing']",,
explainability_loss,,,,full_3d,,,,,,,,,,,,,,,,,,,,,"['real_synapse_sources_present', 'semantic_addressing_enabled', 'traffic_runtime_enabled', 'home_access_pressure_enabled']",4,controller_runtime_refresh_20260322,codesign_single_20us_20260322,runtime_controller,home_pressure,runtime_class_unresolved,unevaluable,runtime_controller,home_pressure_only,5,3,-2,True,False,controller_explainability_lost,5,"['controller_proxy_missing', 'controller_runtime_summary_missing', 'runtime_alignment_lost', 'controller_identity_missing', 'dominant_home_controller_ids_missing']",,
explainability_loss,,,,full_3d_monolithic_proxy,,,,,,,,,,,,,,,,,,,,,"['real_synapse_sources_present', 'semantic_addressing_enabled', 'traffic_runtime_enabled', 'home_access_pressure_enabled']",4,controller_runtime_refresh_20260322,codesign_single_20us_20260322,runtime_controller,home_pressure,cross_class_transfer,unevaluable,runtime_controller,home_pressure_only,5,3,-2,True,False,controller_explainability_lost,5,"['controller_proxy_missing', 'controller_runtime_summary_missing', 'runtime_alignment_lost', 'controller_identity_missing', 'dominant_home_controller_ids_missing']",,
explainability_loss,,,,full_3d_tile_bundle_v3,,,,,,,,,,,,,,,,,,,,,"['real_synapse_sources_present', 'semantic_addressing_enabled', 'traffic_runtime_enabled', 'home_access_pressure_enabled']",4,controller_runtime_refresh_20260322,codesign_single_20us_20260322,runtime_controller,home_pressure,runtime_class_unresolved,unevaluable,runtime_controller,home_pressure_only,5,3,-2,True,False,controller_explainability_lost,5,"['controller_proxy_missing', 'controller_runtime_summary_missing', 'runtime_alignment_lost', 'controller_identity_missing', 'dominant_home_controller_ids_missing']",,
explainability_loss,,,,full_3d,,,,,,,,,,,,,,,,,,,,,"['real_synapse_sources_present', 'semantic_addressing_enabled', 'traffic_runtime_enabled', 'home_access_pressure_enabled']",4,controller_runtime_refresh_20260322,perf_20us,runtime_controller,home_pressure,runtime_class_unresolved,unevaluable,runtime_controller,home_pressure_only,5,3,-2,True,False,controller_explainability_lost,6,"['controller_proxy_missing', 'controller_runtime_summary_missing', 'runtime_alignment_lost', 'controller_identity_missing', 'dominant_home_controller_ids_missing', 'runtime_mode_missing']",,
explainability_loss,,,,full_3d_monolithic_proxy,,,,,,,,,,,,,,,,,,,,,"['real_synapse_sources_present', 'semantic_addressing_enabled', 'traffic_runtime_enabled', 'home_access_pressure_enabled']",4,controller_runtime_refresh_20260322,perf_20us,runtime_controller,home_pressure,cross_class_transfer,unevaluable,runtime_controller,home_pressure_only,5,3,-2,True,False,controller_explainability_lost,6,"['controller_proxy_missing', 'controller_runtime_summary_missing', 'runtime_alignment_lost', 'controller_identity_missing', 'dominant_home_controller_ids_missing', 'runtime_mode_missing']",,
explainability_loss,,,,full_3d_tile_bundle_v3,,,,,,,,,,,,,,,,,,,,,"['real_synapse_sources_present', 'semantic_addressing_enabled', 'traffic_runtime_enabled', 'home_access_pressure_enabled']",4,controller_runtime_refresh_20260322,perf_20us,runtime_controller,home_pressure,runtime_class_unresolved,unevaluable,runtime_controller,home_pressure_only,5,3,-2,True,False,controller_explainability_lost,6,"['controller_proxy_missing', 'controller_runtime_summary_missing', 'runtime_alignment_lost', 'controller_identity_missing', 'dominant_home_controller_ids_missing', 'runtime_mode_missing']",,
loss_reason,,,,full_3d,,,,,,,,,,,,,,,,,,,,,,,controller_runtime_refresh_20260322,codesign_single_20us_20260322,,,,,,,,,,,,,,,loss_reason,controller_proxy_missing
loss_reason,,,,full_3d,,,,,,,,,,,,,,,,,,,,,,,controller_runtime_refresh_20260322,codesign_single_20us_20260322,,,,,,,,,,,,,,,loss_reason,controller_runtime_summary_missing
loss_reason,,,,full_3d,,,,,,,,,,,,,,,,,,,,,,,controller_runtime_refresh_20260322,codesign_single_20us_20260322,,,,,,,,,,,,,,,loss_reason,runtime_alignment_lost
loss_reason,,,,full_3d,,,,,,,,,,,,,,,,,,,,,,,controller_runtime_refresh_20260322,codesign_single_20us_20260322,,,,,,,,,,,,,,,loss_reason,controller_identity_missing
loss_reason,,,,full_3d,,,,,,,,,,,,,,,,,,,,,,,controller_runtime_refresh_20260322,codesign_single_20us_20260322,,,,,,,,,,,,,,,loss_reason,dominant_home_controller_ids_missing
loss_reason,,,,full_3d,,,,,,,,,,,,,,,,,,,,,,,controller_runtime_refresh_20260322,codesign_single_20us_20260322,,,,,,,,,,,,,,,preserved_real_traffic,real_synapse_sources_present
loss_reason,,,,full_3d,,,,,,,,,,,,,,,,,,,,,,,controller_runtime_refresh_20260322,codesign_single_20us_20260322,,,,,,,,,,,,,,,preserved_real_traffic,semantic_addressing_enabled
loss_reason,,,,full_3d,,,,,,,,,,,,,,,,,,,,,,,controller_runtime_refresh_20260322,codesign_single_20us_20260322,,,,,,,,,,,,,,,preserved_real_traffic,traffic_runtime_enabled
loss_reason,,,,full_3d,,,,,,,,,,,,,,,,,,,,,,,controller_runtime_refresh_20260322,codesign_single_20us_20260322,,,,,,,,,,,,,,,preserved_real_traffic,home_access_pressure_enabled
loss_reason,,,,full_3d_monolithic_proxy,,,,,,,,,,,,,,,,,,,,,,,controller_runtime_refresh_20260322,codesign_single_20us_20260322,,,,,,,,,,,,,,,loss_reason,controller_proxy_missing
loss_reason,,,,full_3d_monolithic_proxy,,,,,,,,,,,,,,,,,,,,,,,controller_runtime_refresh_20260322,codesign_single_20us_20260322,,,,,,,,,,,,,,,loss_reason,controller_runtime_summary_missing
loss_reason,,,,full_3d_monolithic_proxy,,,,,,,,,,,,,,,,,,,,,,,controller_runtime_refresh_20260322,codesign_single_20us_20260322,,,,,,,,,,,,,,,loss_reason,runtime_alignment_lost
loss_reason,,,,full_3d_monolithic_proxy,,,,,,,,,,,,,,,,,,,,,,,controller_runtime_refresh_20260322,codesign_single_20us_20260322,,,,,,,,,,,,,,,loss_reason,controller_identity_missing
loss_reason,,,,full_3d_monolithic_proxy,,,,,,,,,,,,,,,,,,,,,,,controller_runtime_refresh_20260322,codesign_single_20us_20260322,,,,,,,,,,,,,,,loss_reason,dominant_home_controller_ids_missing
loss_reason,,,,full_3d_monolithic_proxy,,,,,,,,,,,,,,,,,,,,,,,controller_runtime_refresh_20260322,codesign_single_20us_20260322,,,,,,,,,,,,,,,preserved_real_traffic,real_synapse_sources_present
loss_reason,,,,full_3d_monolithic_proxy,,,,,,,,,,,,,,,,,,,,,,,controller_runtime_refresh_20260322,codesign_single_20us_20260322,,,,,,,,,,,,,,,preserved_real_traffic,semantic_addressing_enabled
loss_reason,,,,full_3d_monolithic_proxy,,,,,,,,,,,,,,,,,,,,,,,controller_runtime_refresh_20260322,codesign_single_20us_20260322,,,,,,,,,,,,,,,preserved_real_traffic,traffic_runtime_enabled
loss_reason,,,,full_3d_monolithic_proxy,,,,,,,,,,,,,,,,,,,,,,,controller_runtime_refresh_20260322,codesign_single_20us_20260322,,,,,,,,,,,,,,,preserved_real_traffic,home_access_pressure_enabled
loss_reason,,,,full_3d_tile_bundle_v3,,,,,,,,,,,,,,,,,,,,,,,controller_runtime_refresh_20260322,codesign_single_20us_20260322,,,,,,,,,,,,,,,loss_reason,controller_proxy_missing
loss_reason,,,,full_3d_tile_bundle_v3,,,,,,,,,,,,,,,,,,,,,,,controller_runtime_refresh_20260322,codesign_single_20us_20260322,,,,,,,,,,,,,,,loss_reason,controller_runtime_summary_missing
loss_reason,,,,full_3d_tile_bundle_v3,,,,,,,,,,,,,,,,,,,,,,,controller_runtime_refresh_20260322,codesign_single_20us_20260322,,,,,,,,,,,,,,,loss_reason,runtime_alignment_lost
loss_reason,,,,full_3d_tile_bundle_v3,,,,,,,,,,,,,,,,,,,,,,,controller_runtime_refresh_20260322,codesign_single_20us_20260322,,,,,,,,,,,,,,,loss_reason,controller_identity_missing
loss_reason,,,,full_3d_tile_bundle_v3,,,,,,,,,,,,,,,,,,,,,,,controller_runtime_refresh_20260322,codesign_single_20us_20260322,,,,,,,,,,,,,,,loss_reason,dominant_home_controller_ids_missing
loss_reason,,,,full_3d_tile_bundle_v3,,,,,,,,,,,,,,,,,,,,,,,controller_runtime_refresh_20260322,codesign_single_20us_20260322,,,,,,,,,,,,,,,preserved_real_traffic,real_synapse_sources_present
loss_reason,,,,full_3d_tile_bundle_v3,,,,,,,,,,,,,,,,,,,,,,,controller_runtime_refresh_20260322,codesign_single_20us_20260322,,,,,,,,,,,,,,,preserved_real_traffic,semantic_addressing_enabled
loss_reason,,,,full_3d_tile_bundle_v3,,,,,,,,,,,,,,,,,,,,,,,controller_runtime_refresh_20260322,codesign_single_20us_20260322,,,,,,,,,,,,,,,preserved_real_traffic,traffic_runtime_enabled
loss_reason,,,,full_3d_tile_bundle_v3,,,,,,,,,,,,,,,,,,,,,,,controller_runtime_refresh_20260322,codesign_single_20us_20260322,,,,,,,,,,,,,,,preserved_real_traffic,home_access_pressure_enabled
loss_reason,,,,full_3d,,,,,,,,,,,,,,,,,,,,,,,controller_runtime_refresh_20260322,perf_20us,,,,,,,,,,,,,,,loss_reason,controller_proxy_missing
loss_reason,,,,full_3d,,,,,,,,,,,,,,,,,,,,,,,controller_runtime_refresh_20260322,perf_20us,,,,,,,,,,,,,,,loss_reason,controller_runtime_summary_missing
loss_reason,,,,full_3d,,,,,,,,,,,,,,,,,,,,,,,controller_runtime_refresh_20260322,perf_20us,,,,,,,,,,,,,,,loss_reason,runtime_alignment_lost
loss_reason,,,,full_3d,,,,,,,,,,,,,,,,,,,,,,,controller_runtime_refresh_20260322,perf_20us,,,,,,,,,,,,,,,loss_reason,controller_identity_missing
loss_reason,,,,full_3d,,,,,,,,,,,,,,,,,,,,,,,controller_runtime_refresh_20260322,perf_20us,,,,,,,,,,,,,,,loss_reason,dominant_home_controller_ids_missing
loss_reason,,,,full_3d,,,,,,,,,,,,,,,,,,,,,,,controller_runtime_refresh_20260322,perf_20us,,,,,,,,,,,,,,,loss_reason,runtime_mode_missing
loss_reason,,,,full_3d,,,,,,,,,,,,,,,,,,,,,,,controller_runtime_refresh_20260322,perf_20us,,,,,,,,,,,,,,,preserved_real_traffic,real_synapse_sources_present
loss_reason,,,,full_3d,,,,,,,,,,,,,,,,,,,,,,,controller_runtime_refresh_20260322,perf_20us,,,,,,,,,,,,,,,preserved_real_traffic,semantic_addressing_enabled
loss_reason,,,,full_3d,,,,,,,,,,,,,,,,,,,,,,,controller_runtime_refresh_20260322,perf_20us,,,,,,,,,,,,,,,preserved_real_traffic,traffic_runtime_enabled
loss_reason,,,,full_3d,,,,,,,,,,,,,,,,,,,,,,,controller_runtime_refresh_20260322,perf_20us,,,,,,,,,,,,,,,preserved_real_traffic,home_access_pressure_enabled
loss_reason,,,,full_3d_monolithic_proxy,,,,,,,,,,,,,,,,,,,,,,,controller_runtime_refresh_20260322,perf_20us,,,,,,,,,,,,,,,loss_reason,controller_proxy_missing
loss_reason,,,,full_3d_monolithic_proxy,,,,,,,,,,,,,,,,,,,,,,,controller_runtime_refresh_20260322,perf_20us,,,,,,,,,,,,,,,loss_reason,controller_runtime_summary_missing
loss_reason,,,,full_3d_monolithic_proxy,,,,,,,,,,,,,,,,,,,,,,,controller_runtime_refresh_20260322,perf_20us,,,,,,,,,,,,,,,loss_reason,runtime_alignment_lost
loss_reason,,,,full_3d_monolithic_proxy,,,,,,,,,,,,,,,,,,,,,,,controller_runtime_refresh_20260322,perf_20us,,,,,,,,,,,,,,,loss_reason,controller_identity_missing
loss_reason,,,,full_3d_monolithic_proxy,,,,,,,,,,,,,,,,,,,,,,,controller_runtime_refresh_20260322,perf_20us,,,,,,,,,,,,,,,loss_reason,dominant_home_controller_ids_missing
loss_reason,,,,full_3d_monolithic_proxy,,,,,,,,,,,,,,,,,,,,,,,controller_runtime_refresh_20260322,perf_20us,,,,,,,,,,,,,,,loss_reason,runtime_mode_missing
loss_reason,,,,full_3d_monolithic_proxy,,,,,,,,,,,,,,,,,,,,,,,controller_runtime_refresh_20260322,perf_20us,,,,,,,,,,,,,,,preserved_real_traffic,real_synapse_sources_present
loss_reason,,,,full_3d_monolithic_proxy,,,,,,,,,,,,,,,,,,,,,,,controller_runtime_refresh_20260322,perf_20us,,,,,,,,,,,,,,,preserved_real_traffic,semantic_addressing_enabled
loss_reason,,,,full_3d_monolithic_proxy,,,,,,,,,,,,,,,,,,,,,,,controller_runtime_refresh_20260322,perf_20us,,,,,,,,,,,,,,,preserved_real_traffic,traffic_runtime_enabled
loss_reason,,,,full_3d_monolithic_proxy,,,,,,,,,,,,,,,,,,,,,,,controller_runtime_refresh_20260322,perf_20us,,,,,,,,,,,,,,,preserved_real_traffic,home_access_pressure_enabled
loss_reason,,,,full_3d_tile_bundle_v3,,,,,,,,,,,,,,,,,,,,,,,controller_runtime_refresh_20260322,perf_20us,,,,,,,,,,,,,,,loss_reason,controller_proxy_missing
loss_reason,,,,full_3d_tile_bundle_v3,,,,,,,,,,,,,,,,,,,,,,,controller_runtime_refresh_20260322,perf_20us,,,,,,,,,,,,,,,loss_reason,controller_runtime_summary_missing
loss_reason,,,,full_3d_tile_bundle_v3,,,,,,,,,,,,,,,,,,,,,,,controller_runtime_refresh_20260322,perf_20us,,,,,,,,,,,,,,,loss_reason,runtime_alignment_lost
loss_reason,,,,full_3d_tile_bundle_v3,,,,,,,,,,,,,,,,,,,,,,,controller_runtime_refresh_20260322,perf_20us,,,,,,,,,,,,,,,loss_reason,controller_identity_missing
loss_reason,,,,full_3d_tile_bundle_v3,,,,,,,,,,,,,,,,,,,,,,,controller_runtime_refresh_20260322,perf_20us,,,,,,,,,,,,,,,loss_reason,dominant_home_controller_ids_missing
loss_reason,,,,full_3d_tile_bundle_v3,,,,,,,,,,,,,,,,,,,,,,,controller_runtime_refresh_20260322,perf_20us,,,,,,,,,,,,,,,loss_reason,runtime_mode_missing
loss_reason,,,,full_3d_tile_bundle_v3,,,,,,,,,,,,,,,,,,,,,,,controller_runtime_refresh_20260322,perf_20us,,,,,,,,,,,,,,,preserved_real_traffic,real_synapse_sources_present
loss_reason,,,,full_3d_tile_bundle_v3,,,,,,,,,,,,,,,,,,,,,,,controller_runtime_refresh_20260322,perf_20us,,,,,,,,,,,,,,,preserved_real_traffic,semantic_addressing_enabled
loss_reason,,,,full_3d_tile_bundle_v3,,,,,,,,,,,,,,,,,,,,,,,controller_runtime_refresh_20260322,perf_20us,,,,,,,,,,,,,,,preserved_real_traffic,traffic_runtime_enabled
loss_reason,,,,full_3d_tile_bundle_v3,,,,,,,,,,,,,,,,,,,,,,,controller_runtime_refresh_20260322,perf_20us,,,,,,,,,,,,,,,preserved_real_traffic,home_access_pressure_enabled
