stop_at,case_id,run_tag,status,run_root,analysis_root,phase2_case_summary_path,effective_config_path,stack_nmc_summary_path,route_memory_joint_summary_path,runtime_summary_path
2us,full_3d_snn_window,archsum_matrix_semantic_refresh_20260401_window_stop_2us,composed,/home/xgy/remote/snn3dexp/runs/full_3d_snn_window/archsum_matrix_semantic_refresh_20260401_window_stop_2us,/home/xgy/remote/snn3dexp/analysis/full_3d_snn_window/archsum_matrix_semantic_refresh_20260401_window_stop_2us,/home/xgy/remote/snn3dexp/analysis/full_3d_snn_window/archsum_matrix_semantic_refresh_20260401_window_stop_2us/phase2_case_summary.json,,,,/home/xgy/remote/snn3dexp/analysis/full_3d_snn_window/archsum_matrix_semantic_refresh_20260401_window_stop_2us/runtime_summary.json
2us,full_3d_snn_window_bundle_v3,archsum_matrix_semantic_refresh_20260401_window_stop_2us,composed,/home/xgy/remote/snn3dexp/runs/full_3d_snn_window_bundle_v3/archsum_matrix_semantic_refresh_20260401_window_stop_2us,/home/xgy/remote/snn3dexp/analysis/full_3d_snn_window_bundle_v3/archsum_matrix_semantic_refresh_20260401_window_stop_2us,/home/xgy/remote/snn3dexp/analysis/full_3d_snn_window_bundle_v3/archsum_matrix_semantic_refresh_20260401_window_stop_2us/phase2_case_summary.json,,,,/home/xgy/remote/snn3dexp/analysis/full_3d_snn_window_bundle_v3/archsum_matrix_semantic_refresh_20260401_window_stop_2us/runtime_summary.json
2us,full_3d_snn_window_monolithic_proxy,archsum_matrix_semantic_refresh_20260401_window_stop_2us,composed,/home/xgy/remote/snn3dexp/runs/full_3d_snn_window_monolithic_proxy/archsum_matrix_semantic_refresh_20260401_window_stop_2us,/home/xgy/remote/snn3dexp/analysis/full_3d_snn_window_monolithic_proxy/archsum_matrix_semantic_refresh_20260401_window_stop_2us,/home/xgy/remote/snn3dexp/analysis/full_3d_snn_window_monolithic_proxy/archsum_matrix_semantic_refresh_20260401_window_stop_2us/phase2_case_summary.json,,,,/home/xgy/remote/snn3dexp/analysis/full_3d_snn_window_monolithic_proxy/archsum_matrix_semantic_refresh_20260401_window_stop_2us/runtime_summary.json
5us,full_3d_snn_window,archsum_matrix_semantic_refresh_20260401_window_stop_5us,composed,/home/xgy/remote/snn3dexp/runs/full_3d_snn_window/archsum_matrix_semantic_refresh_20260401_window_stop_5us,/home/xgy/remote/snn3dexp/analysis/full_3d_snn_window/archsum_matrix_semantic_refresh_20260401_window_stop_5us,/home/xgy/remote/snn3dexp/analysis/full_3d_snn_window/archsum_matrix_semantic_refresh_20260401_window_stop_5us/phase2_case_summary.json,,,,/home/xgy/remote/snn3dexp/analysis/full_3d_snn_window/archsum_matrix_semantic_refresh_20260401_window_stop_5us/runtime_summary.json
5us,full_3d_snn_window_bundle_v3,archsum_matrix_semantic_refresh_20260401_window_stop_5us,composed,/home/xgy/remote/snn3dexp/runs/full_3d_snn_window_bundle_v3/archsum_matrix_semantic_refresh_20260401_window_stop_5us,/home/xgy/remote/snn3dexp/analysis/full_3d_snn_window_bundle_v3/archsum_matrix_semantic_refresh_20260401_window_stop_5us,/home/xgy/remote/snn3dexp/analysis/full_3d_snn_window_bundle_v3/archsum_matrix_semantic_refresh_20260401_window_stop_5us/phase2_case_summary.json,,,,/home/xgy/remote/snn3dexp/analysis/full_3d_snn_window_bundle_v3/archsum_matrix_semantic_refresh_20260401_window_stop_5us/runtime_summary.json
5us,full_3d_snn_window_monolithic_proxy,archsum_matrix_semantic_refresh_20260401_window_stop_5us,composed,/home/xgy/remote/snn3dexp/runs/full_3d_snn_window_monolithic_proxy/archsum_matrix_semantic_refresh_20260401_window_stop_5us,/home/xgy/remote/snn3dexp/analysis/full_3d_snn_window_monolithic_proxy/archsum_matrix_semantic_refresh_20260401_window_stop_5us,/home/xgy/remote/snn3dexp/analysis/full_3d_snn_window_monolithic_proxy/archsum_matrix_semantic_refresh_20260401_window_stop_5us/phase2_case_summary.json,,,,/home/xgy/remote/snn3dexp/analysis/full_3d_snn_window_monolithic_proxy/archsum_matrix_semantic_refresh_20260401_window_stop_5us/runtime_summary.json
10us,full_3d_snn_window,archsum_matrix_semantic_refresh_20260401_window_stop_10us,composed,/home/xgy/remote/snn3dexp/runs/full_3d_snn_window/archsum_matrix_semantic_refresh_20260401_window_stop_10us,/home/xgy/remote/snn3dexp/analysis/full_3d_snn_window/archsum_matrix_semantic_refresh_20260401_window_stop_10us,/home/xgy/remote/snn3dexp/analysis/full_3d_snn_window/archsum_matrix_semantic_refresh_20260401_window_stop_10us/phase2_case_summary.json,,,,/home/xgy/remote/snn3dexp/analysis/full_3d_snn_window/archsum_matrix_semantic_refresh_20260401_window_stop_10us/runtime_summary.json
10us,full_3d_snn_window_bundle_v3,archsum_matrix_semantic_refresh_20260401_window_stop_10us,composed,/home/xgy/remote/snn3dexp/runs/full_3d_snn_window_bundle_v3/archsum_matrix_semantic_refresh_20260401_window_stop_10us,/home/xgy/remote/snn3dexp/analysis/full_3d_snn_window_bundle_v3/archsum_matrix_semantic_refresh_20260401_window_stop_10us,/home/xgy/remote/snn3dexp/analysis/full_3d_snn_window_bundle_v3/archsum_matrix_semantic_refresh_20260401_window_stop_10us/phase2_case_summary.json,,,,/home/xgy/remote/snn3dexp/analysis/full_3d_snn_window_bundle_v3/archsum_matrix_semantic_refresh_20260401_window_stop_10us/runtime_summary.json
10us,full_3d_snn_window_monolithic_proxy,archsum_matrix_semantic_refresh_20260401_window_stop_10us,composed,/home/xgy/remote/snn3dexp/runs/full_3d_snn_window_monolithic_proxy/archsum_matrix_semantic_refresh_20260401_window_stop_10us,/home/xgy/remote/snn3dexp/analysis/full_3d_snn_window_monolithic_proxy/archsum_matrix_semantic_refresh_20260401_window_stop_10us,/home/xgy/remote/snn3dexp/analysis/full_3d_snn_window_monolithic_proxy/archsum_matrix_semantic_refresh_20260401_window_stop_10us/phase2_case_summary.json,,,,/home/xgy/remote/snn3dexp/analysis/full_3d_snn_window_monolithic_proxy/archsum_matrix_semantic_refresh_20260401_window_stop_10us/runtime_summary.json
